ID,Area,x_center_of_gravity,y_center_of_gravity,Perimeter
1,0.0225,783,4560,24.242640614509583
2,0.0265,806,4559,22.242640614509583
3,0.048,4102,4559,27.656854152679443
4,0.139,2792,4559,72.14213526248932
5,0.066,2577,4558,33.65685415267944
6,0.004,814,4555,8.0
7,0.0585,754,4558,31.071067690849304
8,0.0835,768,4558,54.38477599620819
9,0.014,760,4552,13.656854152679443
10,0.0235,2390,4550,19.41421353816986
11,0.004,754,4549,8.0
12,0.178,115,4555,55.31370830535889
13,0.262,4990,4552,66.97056245803833
14,0.4135,4495,4555,107.6984840631485
15,0.258,88,4547,68.62741661071777
16,1.108,4424,4549,153.5979791879654
17,0.009,2821,4531,12.0
18,0.035,4629,4530,24.82842707633972
19,1.136,4754,4546,143.59797871112823
20,0.042,4139,4525,25.656854152679443
21,7.015,3735,4548,667.5634891986847
22,0.102,4050,4525,54.97056245803833
23,1.882,2845,4531,208.0243854522705
24,0.016,2180,4504,16.0
25,0.004,2179,4498,8.0
26,0.006,2557,4497,10.0
27,8.2905,2678,4526,396.7523069381714
28,0.274,5562,4478,73.79898941516876
29,0.2065,3664,4478,61.21320307254791
30,0.295,5390,4477,71.79898941516876
31,0.941,1180,4478,136.22539520263672
32,7.769,4842,4520,644.6761865615845
33,0.0265,2655,4460,20.242640614509583
34,0.2335,1505,4462,75.69848430156708
35,0.0685,3765,4453,33.071067690849304
36,0.2475,3688,4448,73.69848418235779
37,0.3325,3718,4447,72.04163002967834
38,0.0825,5302,4437,37.55634891986847
39,0.723,3806,4451,116.76955187320709
40,0.014,2605,4435,13.656854152679443
41,0.7705,131,4447,113.01219248771667
42,0.0355,5319,4429,25.071067690849304
43,0.2865,3841,4428,74.52691125869751
44,0.0565,1593,4423,30.242640614509583
45,0.078,4285,4424,42.14213538169861
46,0.006,733,4411,10.0
47,0.009,715,4411,12.0
48,7.2195,2232,4459,383.46298360824585
49,0.363,3686,4410,88.28427064418793
50,1.87,2999,4426,222.16652035713196
51,0.4205,3718,4407,80.52691125869751
52,0.01,5413,4397,14.0
53,0.004,2365,4396,8.0
54,0.006,4759,4389,10.0
55,0.135,1590,4393,49.31370830535889
56,0.3165,1454,4390,70.87005710601807
57,5.337,1229,4415,306.65180122852325
58,57.843,3242,4478,1473.9209141731262
59,0.004,2293,4375,8.0
60,0.114,1509,4381,54.97056245803833
61,0.004,781,4375,8.0
62,0.0145,5425,4369,14.242640614509583
63,0.0335,3258,4370,22.242640614509583
64,0.015,1615,4364,16.0
65,0.012,2774,4358,22.82842707633972
66,0.006,2782,4354,10.0
67,2.331,2159,4381,203.6812391281128
68,0.014,2773,4351,13.656854152679443
69,0.012,2757,4333,14.0
70,0.4725,381,4338,85.8406194448471
71,0.009,2743,4326,12.0
72,0.006,2757,4324,10.0
73,0.006,2749,4315,10.0
74,17.8315,1392,4427,798.1980466842651
75,0.59,490,4309,99.25483286380768
76,20.689,2679,4382,839.955404996872
77,0.015,3991,4295,16.0
78,0.004,3169,4294,8.0
79,0.0205,3999,4291,18.242640614509583
80,0.0175,2628,4290,16.242640614509583
81,3.7615,5517,4328,347.17871260643005
82,0.179,376,4289,55.79898953437805
83,0.037,714,4283,25.656854152679443
84,0.004,1207,4276,8.0
85,0.15,2903,4271,62.97056245803833
86,0.014,2889,4268,20.82842707633972
87,5.473,304,4332,487.30360317230225
88,0.1695,178,4268,51.21320295333862
89,0.008,1712,4255,12.0
90,64.1205,900,4436,1719.8103041648865
91,0.031,248,4251,21.656854152679443
92,5.6705,1465,4295,317.86500442028046
93,0.006,694,4246,10.0
94,0.3645,702,4256,112.18376541137695
95,0.004,4879,4243,8.0
96,0.6985,478,4256,167.2964632511139
97,0.503,1110,4230,96.7695517539978
98,0.006,3130,4212,10.0
99,0.021,3180,4212,18.82842707633972
100,0.055,2898,4213,29.313708186149597
101,0.045,3173,4212,26.485281229019165
102,23.573,5616,4344,872.7594462633133
103,0.0145,4894,4207,14.242640614509583
104,0.0215,3165,4206,18.242640614509583
105,53.6845,2401,4363,2685.7312182188034
106,0.004,3133,4201,8.0
107,0.014,4411,4201,13.656854152679443
108,0.0135,1747,4201,15.41421353816986
109,0.1705,1141,4207,70.72792184352875
110,0.006,3064,4198,10.0
111,0.174,1080,4203,68.14213538169861
112,9.571,1535,4240,499.84775936603546
113,0.541,205,4198,107.25483310222626
114,0.1585,532,4185,49.21320295333862
115,2.348,474,4202,314.30865597724915
116,121.5335,1821,4415,2393.800199508667
117,0.377,814,4183,87.59797894954681
118,0.006,2094,4174,10.0
119,10.564,2076,4244,457.70562398433685
120,0.006,2037,4171,10.0
121,0.0315,2026,4171,27.071067690849304
122,0.004,4504,4168,8.0
123,0.02,3004,4169,18.0
124,0.0215,2022,4165,21.071067690849304
125,0.014,2035,4162,13.656854152679443
126,0.026,2029,4163,19.656854152679443
127,0.006,2817,4159,10.0
128,0.004,2812,4159,8.0
129,0.0315,2041,4159,31.899494767189026
130,0.015,2027,4156,16.0
131,8.9015,2284,4190,405.40410828590393
132,0.011,3872,4145,18.82842707633972
133,0.014,3865,4144,13.656854152679443
134,0.1935,4460,4143,54.3847758769989
135,0.116,1007,4130,42.14213538169861
136,1.302,5591,4138,157.7401144504547
137,0.291,1131,4128,83.94112479686737
138,0.004,1837,4117,8.0
139,0.008,1817,4118,18.82842707633972
140,0.076,1828,4120,48.97056245803833
141,1.088,4108,4127,186.2253955602646
142,0.7305,1486,4129,116.66904675960541
143,0.004,3772,4111,8.0
144,0.01,3743,4111,14.0
145,0.0435,4875,4111,25.071067690849304
146,24.759,1290,4234,891.5533831119537
147,0.015,3204,4109,16.0
148,2.9165,3794,4129,362.49242091178894
149,0.545,5493,4120,93.94112503528595
150,4.6725,1961,4142,302.208150267601
151,0.004,1399,4102,8.0
152,0.4045,5653,4116,104.5269113779068
153,0.0645,3757,4100,31.899494767189026
154,0.004,3169,4096,8.0
155,0.004,1945,4096,8.0
156,0.01,4218,4094,20.82842707633972
157,0.1025,4886,4094,43.55634891986847
158,0.01,2810,4090,14.0
159,0.0895,1796,4091,37.899494767189026
160,22.422,45,4225,1006.1564155817032
161,0.023,4209,4082,24.82842707633972
162,0.074,2314,4081,33.31370830535889
163,0.3145,1387,4083,91.69848430156708
164,0.02,4217,4075,24.82842707633972
165,0.401,2410,4085,100.28427040576935
166,0.023,1966,4073,18.82842707633972
167,0.018,1966,4065,17.656854152679443
168,0.015,1717,4064,16.0
169,0.0295,232,4063,23.41421353816986
170,0.004,3142,4057,8.0
171,0.7185,1940,4073,274.2670258283615
172,4.0955,1863,4079,399.8061298131943
173,0.014,13,4051,13.656854152679443
174,46.6465,2866,4265,1948.6875007152557
175,0.004,3001,4036,8.0
176,10.2975,1694,4106,617.0020868778229
177,5.663,5541,4076,405.2203426361084
178,0.0125,13,4031,15.41421353816986
179,0.014,505,4030,13.656854152679443
180,0.014,19,4024,13.656854152679443
181,0.058,742,4014,33.31370830535889
182,0.059,15,4012,33.31370830535889
183,0.012,3,4006,14.0
184,0.0395,201,4009,32.72792184352875
185,0.014,208,4003,13.656854152679443
186,0.008,1195,4002,12.0
187,0.0205,1588,3999,18.242640614509583
188,0.014,3100,3994,13.656854152679443
189,0.008,749,3992,18.82842707633972
190,231.446,5156,4257,3008.306898832321
191,0.0645,1193,3991,31.899494767189026
192,28.9785,1248,4074,1186.7909722328186
193,0.2605,3623,3982,76.52691113948822
194,0.0195,153,3976,19.41421353816986
195,0.004,2188,3973,8.0
196,15.684,641,4087,757.9554052352905
197,0.004,2215,3964,8.0
198,4.553,4543,3996,336.5929263830185
199,0.128,5453,3966,46.62741661071777
200,6.619,3758,3997,365.6223644018173
201,0.006,5525,3958,10.0
202,0.004,4564,3958,8.0
203,1.6875,3040,3977,268.26702558994293
204,0.014,3022,3955,13.656854152679443
205,0.0085,2626,3946,11.41421353816986
206,0.0415,3017,3947,25.071067690849304
207,0.004,3799,3943,8.0
208,0.0855,4741,3945,37.071067690849304
209,0.004,3754,3940,8.0
210,0.2275,2507,3943,83.21320307254791
211,0.006,217,3934,10.0
212,3.9265,4688,3965,344.35028517246246
213,0.004,3247,3925,8.0
214,0.2145,3759,3929,91.35533833503723
215,0.004,511,3919,8.0
216,0.745,3790,3929,135.7401144504547
217,0.0205,517,3916,18.242640614509583
218,0.0395,2402,3916,26.242640614509583
219,12.217,4810,3974,519.4457383155823
220,0.5435,5497,3916,105.69848430156708
221,0.415,1189,3921,120.91168701648712
222,0.67,3690,3899,108.42640602588654
223,0.004,4303,3886,8.0
224,0.004,3655,3886,8.0
225,0.004,2824,3886,8.0
226,0.153,2456,3898,63.3137081861496
227,0.421,3871,3895,104.42640590667725
228,0.027,2839,3883,22.82842707633972
229,0.027,3024,3881,21.656854152679443
230,0.044,2831,3881,25.656854152679443
231,0.103,4272,3884,52.97056245803833
232,0.1715,4386,3875,58.38477599620819
233,1.7435,9,3917,273.29646348953247
234,0.4875,1692,3876,101.69848430156708
235,0.014,2434,3856,13.656854152679443
236,0.014,217,3856,13.656854152679443
237,0.066,1724,3853,32.485281229019165
238,0.004,1807,3847,8.0
239,10.141,5358,3918,492.61731112003326
240,0.006,3211,3843,10.0
241,0.0235,121,3837,20.242640614509583
242,0.0835,3219,3836,46.72792184352875
243,0.0885,5402,3839,45.55634891986847
244,7.5795,4538,3886,431.60511887073517
245,0.006,2992,3823,10.0
246,0.004,1399,3814,8.0
247,43.4365,1523,3927,1284.4722110033035
248,0.006,2244,3808,10.0
249,0.0225,4289,3807,21.41421353816986
250,0.0465,3825,3808,28.242640614509583
251,0.006,2272,3804,10.0
252,0.11,1427,3806,44.97056245803833
253,0.0505,4290,3795,28.242640614509583
254,0.01,1489,3785,14.0
255,86.8325,358,3956,1852.9473869800568
256,0.004,2323,3778,8.0
257,0.033,1179,3773,22.82842707633972
258,0.408,1504,3783,87.59797883033752
259,17.6615,4694,3849,869.5950131416321
260,0.64,1687,3777,116.91168737411499
261,1.564,1452,3777,199.05382251739502
262,0.2455,175,3766,70.3847758769989
263,0.2405,4733,3758,80.52691125869751
264,0.1385,2487,3753,49.21320307254791
265,11.4445,1308,3823,569.8305140733719
266,1.1675,1564,3761,162.81118178367615
267,0.1265,1530,3733,50.72792184352875
268,635.241,3909,4177,17109.102163672447
269,0.151,2487,3729,46.97056245803833
270,0.443,2621,3723,103.79898953437805
271,0.4705,2330,3728,109.84061968326569
272,22.6675,5612,3838,764.7178171873093
273,0.004,1921,3700,8.0
274,0.006,2461,3697,10.0
275,0.006,280,3692,10.0
276,3.2225,1757,3723,416.14927542209625
277,0.294,1158,3697,68.6274163722992
278,0.139,4751,3693,50.97056233882904
279,5.1195,1205,3730,365.5218583345413
280,0.0355,1976,3683,23.071067690849304
281,114.622,919,3870,1923.1900267601013
282,3.465,67,3708,297.62236404418945
283,0.3615,4119,3675,79.21320295333862
284,7.7295,618,3760,523.0609631538391
285,29.0645,4500,3751,828.6244513988495
286,0.004,4411,3652,8.0
287,0.025,1796,3653,20.0
288,0.359,4707,3651,78.76955235004425
289,0.006,4411,3640,10.0
290,1.186,10,3668,177.39696836471558
291,0.0295,3109,3634,23.41421353816986
292,0.008,2243,3628,12.0
293,0.004,2131,3628,8.0
294,0.047,5510,3629,25.656854152679443
295,3.2025,429,3662,269.5807341337204
296,0.006,4411,3624,10.0
297,0.5325,58,3639,106.66904652118683
298,0.009,577,3621,12.0
299,0.237,4713,3625,62.62741661071777
300,0.008,4413,3616,12.0
301,0.004,580,3613,8.0
302,0.0835,3094,3616,48.72792172431946
303,0.004,5608,3607,8.0
304,0.0305,574,3605,24.242640614509583
305,0.006,565,3601,10.0
306,0.006,4732,3600,10.0
307,0.004,3439,3598,8.0
308,0.004,562,3595,8.0
309,0.044,3407,3593,25.656854152679443
310,3.1855,529,3624,245.58073365688324
311,0.4495,2281,3596,109.01219248771667
312,0.014,2137,3586,13.656854152679443
313,0.0115,2101,3585,13.41421353816986
314,5.7175,5604,3630,517.7472538948059
315,0.0335,4734,3586,26.242640614509583
316,0.2265,4707,3592,66.87005722522736
317,0.006,756,3583,10.0
318,0.006,2116,3582,10.0
319,0.105,2128,3584,50.14213538169861
320,0.4565,2325,3585,106.66904675960541
321,0.035,746,3579,31.313708305358887
322,0.88,2610,3584,140.9116872549057
323,191.504,2095,3859,5019.722322225571
324,0.004,2041,3571,8.0
325,0.006,2029,3570,10.0
326,0.1055,2324,3568,40.72792184352875
327,0.159,610,3565,48.97056233882904
328,0.935,3046,3580,145.74011409282684
329,22.794,1347,3644,837.3523732423782
330,0.9405,441,3567,119.8406194448471
331,0.022,4780,3549,21.656854152679443
332,0.023,4774,3548,18.82842707633972
333,0.0205,4767,3547,18.242640614509583
334,24.148,4326,3653,962.5239459276199
335,10.229,2512,3639,689.872144818306
336,0.5845,2141,3556,122.18376553058624
337,4.1815,855,3591,305.8650047779083
338,0.006,3166,3534,10.0
339,0.0295,4884,3534,21.071067690849304
340,0.2455,3735,3539,65.21320307254791
341,20.9415,223,3628,828.3401806354523
342,0.1885,5427,3535,58.3847758769989
343,0.016,5089,3526,20.0
344,0.8115,48,3538,121.01219248771667
345,0.004,5095,3520,8.0
346,0.016,5086,3520,20.0
347,0.023,0,3524,26.82842707633972
348,0.004,1987,3517,8.0
349,0.006,4291,3516,10.0
350,0.275,3730,3521,68.62741661071777
351,0.0195,622,3512,17.41421353816986
352,0.2935,2365,3518,76.5269113779068
353,0.3295,2324,3519,80.04163014888763
354,25.283,4533,3572,1035.0092270374298
355,0.1415,2183,3510,70.04163014888763
356,1.6225,1199,3529,176.6101713180542
357,0.004,3742,3499,8.0
358,0.126,2769,3502,62.627416491508484
359,0.142,2214,3508,51.79898953437805
360,0.1455,2738,3502,49.55634891986847
361,0.006,2074,3498,10.0
362,0.006,2065,3498,10.0
363,0.006,2320,3496,10.0
364,0.004,1399,3493,8.0
365,23.2545,1069,3566,894.4234404563904
366,0.006,3490,3492,10.0
367,0.047,958,3493,28.485281229019165
368,0.004,2158,3487,8.0
369,0.014,937,3487,13.656854152679443
370,0.0995,2737,3489,38.38477575778961
371,0.041,2302,3484,24.485281229019165
372,9.726,2016,3546,806.0142798423767
373,0.0715,948,3489,50.38477599620819
374,208.2075,2795,3847,5890.547783970833
375,0.2185,2075,3487,136.32590091228485
376,0.0535,2080,3476,34.72792184352875
377,0.547,1958,3488,103.94112479686737
378,2.2485,4660,3483,313.5807338953018
379,3.692,1282,3483,276.3086556196213
380,0.014,4345,3454,13.656854152679443
381,0.17,3739,3450,50.14213526248932
382,0.224,1388,3456,67.4558435678482
383,0.3325,1988,3452,72.87005698680878
384,0.2975,963,3451,86.04163014888763
385,0.227,4705,3443,77.4558436870575
386,0.348,2914,3433,80.28427064418793
387,0.0265,1188,3425,20.242640614509583
388,0.0745,3715,3423,33.071067690849304
389,0.066,4966,3422,33.31370830535889
390,1.2705,1124,3431,154.46803617477417
391,0.1795,1808,3421,51.55634880065918
392,9.663,107,3470,573.4457385540009
393,0.008,4760,3404,18.82842707633972
394,0.006,1749,3403,10.0
395,19.395,4853,3461,1004.6660822629929
396,31.4235,749,3484,1332.0701886415482
397,0.0505,4771,3402,51.899494767189026
398,0.2035,614,3408,58.041630029678345
399,0.124,628,3390,56.97056245803833
400,0.112,852,3390,42.97056245803833
401,0.084,4819,3381,37.79898953437805
402,4.5235,257,3423,398.4924211502075
403,0.542,484,3387,106.91168713569641
404,0.009,1897,3362,12.0
405,0.004,4420,3358,8.0
406,0.1515,4762,3363,47.21320307254791
407,1.212,1134,3377,182.8528116941452
408,0.168,4780,3361,52.62741661071777
409,0.4655,4826,3361,99.35533821582794
410,0.006,4807,3349,10.0
411,16.435,2637,3430,1003.9209135770798
412,7.216,1006,3368,446.190905213356
413,0.021,756,3321,18.82842707633972
414,0.006,5338,3307,10.0
415,0.006,4212,3298,10.0
416,0.164,1236,3305,51.455843448638916
417,0.009,705,3294,12.0
418,0.014,5341,3292,13.656854152679443
419,25.1345,1323,3362,1343.5016479492188
420,0.006,703,3286,10.0
421,0.004,706,3280,8.0
422,0.0255,752,3281,31.899494767189026
423,0.015,697,3280,14.828427076339722
424,0.5155,5499,3285,172.46803629398346
425,6.7005,57,3300,441.6639939546585
426,0.004,1693,3259,8.0
427,2.462,2628,3272,227.8233746290207
428,0.606,1274,3250,106.76955199241638
429,0.008,5625,3238,12.0
430,0.004,5473,3238,8.0
431,0.026,1316,3238,19.656854152679443
432,0.026,3913,3230,19.656854152679443
433,0.006,3907,3228,10.0
434,0.006,1627,3220,10.0
435,0.01,5603,3205,14.0
436,11.2935,1796,3262,581.6295036077499
437,0.0625,5003,3204,33.899494767189026
438,3.2845,189,3235,389.32084822654724
439,0.174,3381,3206,58.62741661071777
440,0.006,2722,3196,10.0
441,0.004,5002,3193,8.0
442,0.006,532,3190,10.0
443,0.004,520,3190,8.0
444,0.004,4171,3172,8.0
445,16.8385,853,3245,636.1736602783203
446,0.023,48,3172,19.656854152679443
447,0.014,5035,3157,13.656854152679443
448,0.1825,3155,3163,56.38477599620819
449,0.004,2524,3154,8.0
450,0.018,739,3154,17.656854152679443
451,47.1805,2843,3262,1035.8204097747803
452,0.03,2727,3136,23.656854152679443
453,0.2315,5443,3139,76.87005722522736
454,0.0645,4434,3132,31.071067690849304
455,0.006,1435,3118,10.0
456,0.0605,3343,3120,36.72792184352875
457,0.0405,3155,3115,30.242640614509583
458,10.576,717,3198,867.8965297937393
459,0.008,676,3113,12.0
460,4.66,540,3147,313.9655101299286
461,0.004,679,3106,8.0
462,0.056,3151,3107,30.485281229019165
463,0.046,2505,3106,34.485281229019165
464,0.004,745,3103,8.0
465,0.0775,1433,3106,44.72792184352875
466,0.029,735,3100,23.656854152679443
467,0.0615,723,3102,32.72792184352875
468,0.014,676,3100,13.656854152679443
469,0.004,865,3097,8.0
470,0.014,2497,3097,13.656854152679443
471,0.196,5470,3102,58.627416491508484
472,0.0105,265,3088,13.41421353816986
473,0.073,5136,3077,41.31370830535889
474,1.2745,904,3091,210.26702558994293
475,111.7875,3614,3241,1730.6631153821945
476,49.1405,1130,3166,1181.9036691188812
477,0.006,5161,3019,10.0
478,0.026,5636,3016,19.656854152679443
479,3.2675,704,3059,435.6051186323166
480,0.162,1059,3021,58.62741661071777
481,0.014,1048,3010,13.656854152679443
482,0.0305,599,2993,25.071067690849304
483,0.192,1769,2983,54.627416372299194
484,0.004,529,2971,8.0
485,0.01,3365,2944,14.0
486,0.095,1363,2935,49.79898953437805
487,0.004,3373,2929,8.0
488,0.067,1508,2931,41.31370830535889
489,0.0315,5205,2920,22.242640614509583
490,0.0685,4843,2921,33.071067690849304
491,0.014,1429,2914,13.656854152679443
492,0.004,3868,2911,8.0
493,0.296,4861,2919,79.94112467765808
494,0.012,2822,2905,14.0
495,0.009,1264,2902,12.0
496,0.0145,1271,2899,15.41421353816986
497,3.8075,257,2947,306.2081503868103
498,0.1475,3937,2893,51.55634891986847
499,10.2435,1058,2940,412.7766921520233
500,0.004,3880,2881,8.0
501,24.638,850,2969,666.4406863451004
502,0.0085,3207,2871,11.41421353816986
503,0.0505,1169,2871,32.24264061450958
504,0.014,1180,2869,13.656854152679443
505,0.004,1129,2866,8.0
506,0.8495,2562,2875,117.8406195640564
507,0.006,1177,2860,10.0
508,0.092,1164,2864,67.4558435678482
509,0.082,3379,2868,58.14213538169861
510,28.089,85,3008,1516.454964876175
511,0.0535,2584,2845,29.071067690849304
512,4.226,1470,2883,297.279217839241
513,0.004,379,2830,8.0
514,0.1465,793,2832,64.04163002967834
515,0.006,1540,2824,10.0
516,0.2215,5032,2827,58.87005686759949
517,0.004,1573,2821,8.0
518,0.2255,374,2813,61.21320307254791
519,0.375,781,2810,93.11269783973694
520,0.006,5167,2802,10.0
521,0.0165,1924,2794,17.41421353816986
522,0.018,1753,2794,17.656854152679443
523,0.011,784,2794,12.828427076339722
524,0.0415,1928,2788,33.071067690849304
525,0.052,1252,2787,28.485281109809875
526,17.25,1341,2853,795.9554046392441
527,1.9845,3727,2816,238.26702558994293
528,233.1225,1587,3279,6735.30723297596
529,0.582,776,2778,120.91168737411499
530,0.004,3034,2749,8.0
531,0.004,2662,2746,8.0
532,10.2135,3860,2816,538.0904000997543
533,0.004,1801,2740,8.0
534,7.944,1188,2790,409.563489317894
535,0.004,2179,2728,8.0
536,0.027,5029,2718,19.656854152679443
537,5.234,3602,2731,336.24978029727936
538,4.153,1738,2726,334.10764491558075
539,78.3775,552,2827,1497.2661473751068
540,0.014,724,2674,13.656854152679443
541,0.8525,5247,2689,121.8406195640564
542,0.004,5077,2668,8.0
543,0.004,2071,2662,8.0
544,0.015,1919,2661,16.0
545,0.004,2281,2659,8.0
546,0.0145,2288,2658,15.41421353816986
547,0.014,3754,2656,13.656854152679443
548,14.06,5137,2760,856.7249561548233
549,0.616,5096,2663,128.08326017856598
550,0.545,763,2669,106.0832599401474
551,0.3365,728,2656,112.18376553058624
552,0.006,1921,2638,10.0
553,0.2475,3395,2644,61.21320283412933
554,19.5385,4927,2766,1204.6732207536697
555,0.014,742,2632,13.656854152679443
556,0.321,1291,2639,78.28427076339722
557,0.004,748,2629,8.0
558,2.0555,5018,2661,284.20815074443817
559,0.014,1900,2629,13.656854152679443
560,0.0725,408,2623,33.899494767189026
561,0.061,1280,2620,44.97056245803833
562,0.1155,743,2620,44.38477599620819
563,0.023,5033,2614,18.82842707633972
564,0.004,424,2608,8.0
565,3.0475,1226,2645,259.58073365688324
566,2.2045,3451,2630,233.58073437213898
567,0.4185,384,2618,88.52691113948822
568,0.172,410,2608,53.79898953437805
569,0.004,5602,2602,8.0
570,0.0185,446,2602,17.41421353816986
571,0.023,695,2599,18.82842707633972
572,2.4095,2341,2629,279.37972342967987
573,0.0525,782,2585,33.071067690849304
574,0.006,2347,2580,10.0
575,0.014,775,2581,13.656854152679443
576,0.043,852,2581,26.485281229019165
577,0.0195,1367,2572,17.41421353816986
578,1.2905,3963,2600,198.61017107963562
579,16.6445,3809,2639,1044.849846482277
580,0.1065,5427,2553,54.72792184352875
581,1.0685,2401,2575,142.46803641319275
582,3.703,622,2583,349.4213536977768
583,1.7195,4953,2576,241.09545266628265
584,71.481,993,2687,1481.283392548561
585,0.269,3380,2554,69.4558435678482
586,0.006,1323,2532,10.0
587,0.676,812,2545,99.94112491607666
588,2.8945,727,2541,297.7228692770004
589,0.006,5659,2511,10.0
590,0.043,4896,2495,25.656854152679443
591,0.004,751,2491,8.0
592,78.3745,145,2649,1704.0701895952225
593,0.14,5656,2494,59.3137081861496
594,0.072,3838,2481,46.485281229019165
595,0.023,964,2477,18.82842707633972
596,0.021,1391,2474,18.82842707633972
597,0.0995,3835,2471,62.870057225227356
598,0.04,1355,2466,32.485281229019165
599,0.006,1345,2464,10.0
600,68.465,4738,2596,1306.6559768915176
601,3.2455,1315,2487,388.3502860069275
602,0.004,3931,2446,8.0
603,0.004,3904,2446,8.0
604,0.006,3973,2445,10.0
605,0.009,3952,2442,12.0
606,0.046,3983,2441,25.656854152679443
607,0.01,3959,2440,20.82842707633972
608,0.014,3928,2440,13.656854152679443
609,0.084,1294,2443,41.31370830535889
610,0.014,3949,2437,13.656854152679443
611,0.004,1039,2434,8.0
612,0.948,4907,2463,149.25483298301697
613,1.4305,1049,2458,262.2670257091522
614,0.018,4901,2419,15.656854152679443
615,0.942,4961,2438,177.05382251739502
616,0.004,1402,2389,8.0
617,0.004,4177,2386,8.0
618,13.841,1224,2459,562.0731542110443
619,0.095,3778,2373,42.14213538169861
620,46.003,3639,2495,1086.0041739940643
621,0.1985,4442,2373,56.870057225227356
622,0.014,4168,2362,13.656854152679443
623,0.0105,4464,2350,13.41421353816986
624,0.031,1213,2349,27.313708305358887
625,0.4415,1237,2347,111.01219248771667
626,0.247,2405,2335,63.11269795894623
627,21.874,881,2400,662.984842300415
628,0.006,4921,2314,10.0
629,0.055,864,2287,28.485281229019165
630,104.544,5182,2454,1669.9940701723099
631,0.02,4212,2278,17.656854152679443
632,0.0335,757,2264,30.242640614509583
633,42.814,4608,2363,1473.6265388727188
634,0.038,3557,2240,23.656854152679443
635,0.1105,1600,2242,45.55634880065918
636,0.009,5257,2229,12.0
637,0.006,5081,2224,10.0
638,0.016,1642,2220,16.82842707633972
639,0.004,4744,2218,8.0
640,0.015,1372,2219,16.0
641,0.1665,629,2220,59.55634880065918
642,0.006,1573,2212,10.0
643,2.3065,2244,2230,217.7817440032959
644,0.004,484,2206,8.0
645,0.006,4228,2205,10.0
646,0.171,1359,2201,66.14213538169861
647,4.698,895,2229,323.0782072544098
648,0.004,892,2194,8.0
649,0.152,500,2199,48.62741661071777
650,0.008,575,2191,12.0
651,1.377,4598,2215,174.22539579868317
652,0.0215,874,2188,21.41421353816986
653,0.004,4609,2182,8.0
654,0.018,5238,2182,15.656854152679443
655,0.0775,1977,2181,44.72792184352875
656,0.581,1671,2189,94.76955187320709
657,403.3505,1853,2468,6440.052399396896
658,10.3435,1506,2241,1060.0802958011627
659,0.246,488,2169,63.79898953437805
660,1.6285,402,2176,170.1248904466629
661,2.757,908,2161,286.5096663236618
662,0.035,2507,2127,24.485281229019165
663,0.027,5080,2126,21.656854152679443
664,0.006,907,2115,10.0
665,0.01,2609,2115,20.82842707633972
666,0.0085,2605,2110,11.41421353816986
667,0.071,2597,2110,41.31370830535889
668,0.0505,1123,2107,29.899494767189026
669,0.004,922,2101,8.0
670,40.482,1153,2235,1133.4600179195404
671,0.4965,2394,2106,102.18376553058624
672,0.006,1272,2080,10.0
673,0.089,612,2080,42.14213538169861
674,0.0225,1274,2074,18.242640614509583
675,0.004,5437,2071,8.0
676,4.8965,1811,2121,323.66399455070496
677,13.5515,1420,2122,569.203097820282
678,0.006,4206,2062,10.0
679,0.2205,5225,2066,59.21320307254791
680,0.0155,4215,2058,15.41421353816986
681,0.028,1477,2053,22.82842707633972
682,0.0415,2405,2054,30.242640614509583
683,20.6425,5300,2157,888.7665860652924
684,107.1485,5545,2318,2412.4864888191223
685,1.2205,1294,2049,186.61017107963562
686,0.014,2677,2026,18.0
687,0.053,1289,2022,29.656854152679443
688,21.6315,653,2135,1069.1929923295975
689,22.441,1636,2095,684.8427062034607
690,0.503,1233,2017,90.7695517539978
691,0.006,5659,1998,10.0
692,8.8065,1957,2067,489.40410828590393
693,0.0115,4318,1989,13.41421353816986
694,0.0335,61,1980,24.242640614509583
695,0.072,5657,1984,45.65685415267944
696,0.015,1245,1978,14.828427076339722
697,102.5135,138,2189,1668.8986181020737
698,0.035,1246,1972,24.82842707633972
699,0.006,1243,1966,10.0
700,0.0675,5650,1969,38.72792184352875
701,0.0145,1236,1951,14.242640614509583
702,0.089,1245,1953,49.79898953437805
703,0.014,1246,1939,13.656854152679443
704,0.2675,1977,1935,72.04163014888763
705,5.759,661,1970,389.01933157444
706,5.9695,1536,1976,453.9482651948929
707,0.017,1244,1925,17.656854152679443
708,0.009,483,1914,12.0
709,29.575,422,2027,841.3523734807968
710,0.0635,4989,1906,35.899494767189026
711,0.006,4315,1888,10.0
712,0.191,2005,1895,73.11269760131836
713,3.975,4441,1920,356.5929263830185
714,0.006,2056,1879,10.0
715,0.014,4315,1879,13.656854152679443
716,0.004,1,1876,8.0
717,0.1335,4459,1875,48.38477599620819
718,0.009,1315,1866,12.0
719,0.009,16,1866,12.0
720,0.0465,5,1870,41.55634891986847
721,0.01,1325,1861,14.0
722,0.014,13,1861,13.656854152679443
723,0.054,4,1857,42.14213538169861
724,0.004,5302,1852,8.0
725,0.004,1234,1840,8.0
726,0.071,4718,1841,38.485281229019165
727,0.0175,1249,1835,18.242640614509583
728,0.566,1241,1858,184.56854140758514
729,0.004,469,1834,8.0
730,9.913,64,1901,868.2396748065948
731,0.014,460,1831,13.656854152679443
732,0.014,4027,1825,13.656854152679443
733,0.1085,450,1828,69.21320307254791
734,1.091,2651,1835,148.9116871356964
735,0.0115,2622,1815,13.41421353816986
736,25.5265,1396,1902,1056.364565730095
737,0.0205,4593,1795,18.242640614509583
738,0.999,4065,1813,159.88224971294403
739,0.0125,1075,1784,15.41421353816986
740,0.145,4215,1784,52.627416491508484
741,0.0295,3983,1767,21.071067690849304
742,16.6295,280,1847,649.3696177005768
743,0.0215,1375,1767,21.071067690849304
744,0.057,1071,1763,34.485281229019165
745,0.0595,1060,1763,46.72792184352875
746,0.004,5659,1756,8.0
747,0.004,3880,1753,8.0
748,0.014,1057,1753,13.656854152679443
749,0.1025,1069,1752,66.87005722522736
750,69.2845,5457,1902,2659.3880721330643
751,0.0415,4802,1728,30.242640614509583
752,112.7535,991,1935,2230.594136118889
753,0.0625,5386,1722,31.071067690849304
754,0.072,4812,1719,38.97056245803833
755,0.006,4129,1717,10.0
756,0.0725,4843,1718,33.071067690849304
757,0.039,1174,1712,31.656854152679443
758,0.023,1502,1708,18.82842707633972
759,0.217,4118,1714,127.25483322143555
760,3.475,4739,1741,307.2792179584503
761,0.204,798,1705,55.79898941516876
762,0.1545,1118,1690,64.38477599620819
763,1.9545,858,1687,210.1248905658722
764,1.513,378,1685,182.2253954410553
765,0.104,3900,1644,41.31370830535889
766,0.6245,2052,1643,106.18376529216766
767,0.052,4831,1632,28.485281229019165
768,0.531,3883,1640,107.11269760131836
769,0.006,3582,1615,10.0
770,0.4325,5534,1620,85.35533833503723
771,51.5535,598,1767,1604.6387296915054
772,0.1435,5197,1615,47.55634891986847
773,0.0255,5209,1611,20.242640614509583
774,0.0085,1135,1608,11.41421353816986
775,0.108,804,1608,44.97056233882904
776,0.009,775,1593,12.0
777,0.4405,3611,1602,99.35533821582794
778,0.004,775,1588,8.0
779,0.016,773,1581,19.656854152679443
780,0.018,4239,1578,18.0
781,0.004,781,1573,8.0
782,0.004,769,1573,8.0
783,0.0375,3586,1572,23.899494647979736
784,0.105,3904,1573,38.97056233882904
785,1.621,4885,1606,195.53910398483276
786,0.612,792,1578,128.56854140758514
787,0.004,778,1564,8.0
788,0.0375,773,1567,31.071067690849304
789,2.9005,3796,1591,232.12489008903503
790,0.0275,392,1560,37.071067690849304
791,1.392,561,1586,188.08326029777527
792,151.863,1749,1750,2015.214412689209
793,0.006,4303,1542,10.0
794,0.3525,425,1558,127.8406195640564
795,0.004,4312,1540,8.0
796,0.014,4303,1537,13.656854152679443
797,0.014,424,1537,13.656854152679443
798,0.004,1789,1531,8.0
799,0.006,4414,1519,10.0
800,0.006,805,1519,10.0
801,0.006,799,1519,10.0
802,24.89,4979,1617,1274.0874346494675
803,0.004,4972,1504,8.0
804,0.7725,2266,1518,136.32590079307556
805,0.022,789,1501,17.656854152679443
806,0.055,5514,1496,30.82842707633972
807,8.86,670,1542,560.1320307254791
808,0.335,4186,1502,76.28427052497864
809,0.006,1498,1482,10.0
810,2.859,543,1507,254.9949471950531
811,0.072,4820,1482,33.3137081861496
812,0.702,4936,1496,123.05382227897644
813,7.1495,4250,1526,451.20309710502625
814,0.023,4774,1478,18.82842707633972
815,0.006,883,1474,10.0
816,0.061,5457,1473,42.14213538169861
817,1.7005,403,1497,254.0660148859024
818,0.006,370,1462,10.0
819,2.9345,5033,1484,356.77669155597687
820,0.3655,4414,1453,79.69848430156708
821,19.912,5618,1623,936.3574259281158
822,0.2355,4931,1444,61.21320295333862
823,0.0105,1236,1438,13.41421353816986
824,61.4785,4051,1614,1272.6143449544907
825,2.1,4358,1461,221.1959582567215
826,0.004,1261,1429,8.0
827,0.004,1255,1429,8.0
828,0.004,1273,1420,8.0
829,1.298,795,1463,211.88224983215332
830,0.0145,1264,1417,14.242640614509583
831,0.022,1251,1416,21.656854152679443
832,0.0215,1237,1414,18.242640614509583
833,0.061,1271,1410,52.14213538169861
834,0.012,1528,1404,14.0
835,0.006,1027,1404,10.0
836,0.029,1565,1403,30.82842707633972
837,0.015,1274,1402,16.0
838,0.0235,1577,1402,19.071067690849304
839,0.016,1465,1402,15.656854152679443
840,0.006,1525,1399,10.0
841,0.015,4415,1396,16.82842707633972
842,0.123,1547,1400,87.79898953437805
843,0.121,5036,1399,44.97056233882904
844,0.038,1463,1394,24.485281229019165
845,5.705,608,1426,379.9066345691681
846,0.004,4411,1390,8.0
847,0.028,1566,1393,52.485281229019165
848,0.004,2017,1387,8.0
849,0.006,5026,1380,10.0
850,0.004,4405,1375,8.0
851,0.03,808,1375,23.656854152679443
852,0.02,3830,1369,18.0
853,0.023,628,1364,18.82842707633972
854,0.482,1295,1366,141.5979790687561
855,0.006,889,1342,10.0
856,102.8435,143,1543,1623.241762638092
857,2.2975,5132,1355,301.37972342967987
858,0.051,4422,1329,27.656854152679443
859,0.004,4738,1318,8.0
860,0.006,988,1318,10.0
861,0.014,994,1318,13.656854152679443
862,0.1065,5483,1324,61.899494767189026
863,0.041,5151,1317,44.485281229019165
864,0.0345,4745,1317,30.242640614509583
865,7.5915,5602,1359,458.29141092300415
866,0.006,1576,1305,10.0
867,0.0195,1563,1296,21.071067690849304
868,0.216,630,1293,57.455843567848206
869,0.027,2255,1280,20.82842707633972
870,0.006,3900,1267,10.0
871,6.5135,548,1315,389.1787129640579
872,0.05,82,1266,29.656854152679443
873,0.008,1738,1260,12.0
874,0.016,1393,1256,16.82842707633972
875,0.0125,3901,1253,15.41421353816986
876,138.872,1294,1527,3639.1008393764496
877,0.004,1378,1252,8.0
878,5.544,697,1291,320.9360730648041
879,0.228,2282,1254,63.79898953437805
880,0.01,1393,1244,14.0
881,0.006,2281,1233,10.0
882,0.01,1631,1222,14.0
883,96.828,1852,1423,3196.248024702072
884,5.3925,5353,1256,338.3502857685089
885,0.1015,1649,1219,48.38477599620819
886,0.006,1384,1209,10.0
887,0.0515,4924,1210,31.071067690849304
888,0.004,373,1207,8.0
889,0.155,87,1209,53.79898941516876
890,11.0935,4540,1252,547.4041081666946
891,0.0855,5396,1203,35.55634880065918
892,0.7475,124,1211,114.66904675960541
893,1.851,572,1213,217.48022937774658
894,0.0355,1583,1193,23.41421353816986
895,0.014,376,1192,13.656854152679443
896,19.1625,391,1286,784.2569199800491
897,0.014,2926,1186,13.656854152679443
898,0.014,367,1186,13.656854152679443
899,0.782,2960,1200,153.74011433124542
900,0.083,4997,1186,37.31370830535889
901,0.0175,2920,1184,17.41421353816986
902,0.041,2931,1181,29.313708305358887
903,0.033,2923,1174,24.82842707633972
904,0.008,2946,1172,12.0
905,0.084,2938,1176,56.14213538169861
906,0.036,4716,1171,23.313708305358887
907,1.4175,1920,1185,179.7817441225052
908,1.224,62,1172,165.88224947452545
909,0.032,5323,1127,21.656854152679443
910,0.056,5307,1128,29.656854152679443
911,1.041,1960,1135,179.88224971294403
912,0.004,406,1108,8.0
913,0.004,2800,1099,8.0
914,0.004,4671,1098,8.0
915,99.5495,1065,1325,2759.446947813034
916,0.2485,2837,1105,77.35533833503723
917,1.961,4708,1126,316.79393672943115
918,0.1135,418,1098,44.3847758769989
919,0.006,5428,1087,10.0
920,0.014,412,1087,13.656854152679443
921,24.1815,5550,1182,862.1980452537537
922,0.224,5522,1077,70.28427076339722
923,0.1055,4677,1076,44.72792184352875
924,0.869,5064,1066,151.05382239818573
925,0.124,3690,1054,44.1421355009079
926,0.0295,2742,1049,21.41421353816986
927,7.236,1306,1129,648.0731555223465
928,0.05,3238,1048,27.656854152679443
929,0.0335,1413,1047,24.242640614509583
930,0.026,5449,1043,19.656854152679443
931,0.004,3043,1036,8.0
932,15.483,4603,1109,713.043717622757
933,0.0625,2858,1037,33.071067690849304
934,0.9055,3071,1041,131.8406195640564
935,0.006,3046,1029,10.0
936,0.014,5455,1027,13.656854152679443
937,0.1515,1260,1034,63.21320295333862
938,0.015,2111,1012,16.82842707633972
939,0.017,2823,1010,18.82842707633972
940,0.004,5320,1006,8.0
941,2.08,3131,1042,315.9655097723007
942,0.0205,1134,1003,18.242640614509583
943,0.154,4282,1006,48.97056245803833
944,0.0255,1276,1001,20.242640614509583
945,0.0385,1294,1001,24.242640614509583
946,0.38,1392,1004,75.94112455844879
947,0.004,1273,994,8.0
948,0.016,1285,995,26.82842707633972
949,0.0405,1134,994,27.071067690849304
950,0.2705,4685,1001,112.18376541137695
951,0.0675,114,985,31.899494647979736
952,0.004,5599,979,8.0
953,1.1205,1314,996,190.81118214130402
954,0.0655,98,970,31.071067690849304
955,0.1535,1980,966,49.21320307254791
956,0.5855,1365,978,128.32590055465698
957,0.004,670,943,8.0
958,43.3325,961,1051,1298.8742319345474
959,0.623,1580,956,120.76955199241638
960,0.2775,5466,944,72.87005710601807
961,0.5245,691,943,100.66904628276825
962,0.0885,1997,937,48.38477599620819
963,0.046,2014,932,38.485281229019165
964,0.3395,5040,926,76.52691125869751
965,0.58,5525,929,98.76955199241638
966,5.4905,536,971,724.3157960176468
967,0.014,352,907,13.656854152679443
968,0.006,346,906,10.0
969,0.008,345,901,12.0
970,90.9295,1670,1084,2283.2804268598557
971,0.004,3484,898,8.0
972,0.485,1164,903,126.42640614509583
973,7.5145,1447,929,392.8355666399002
974,0.011,1166,884,18.82842707633972
975,56.5895,272,1075,1880.06008374691
976,0.004,1597,871,8.0
977,0.0335,1465,868,24.242640614509583
978,0.006,5100,859,10.0
979,0.006,4774,856,10.0
980,0.014,5107,856,13.656854152679443
981,0.0525,2480,855,29.071067690849304
982,0.006,3466,838,10.0
983,0.006,2818,838,10.0
984,0.006,2812,838,10.0
985,0.006,1771,832,10.0
986,0.165,1403,838,67.79898953437805
987,0.0435,1378,829,27.071067690849304
988,0.01,4270,827,14.0
989,0.104,1423,828,54.14213538169861
990,0.01,4264,824,14.0
991,0.027,4711,824,23.656854152679443
992,0.0875,4840,822,37.899494767189026
993,0.029,4274,819,37.65685415267944
994,0.004,3643,814,8.0
995,0.0425,4261,814,30.242640614509583
996,0.004,3946,811,8.0
997,0.0195,271,812,17.41421353816986
998,0.016,1168,811,15.656854152679443
999,0.0535,285,812,53.55634891986847
1000,0.025,4271,809,20.0
1001,58.8755,4452,944,1571.550417304039
1002,0.004,2713,805,8.0
1003,19.408,4195,908,1064.5483310222626
1004,0.0585,1401,802,33.55634891986847
1005,4.9905,1486,823,523.060962677002
1006,0.9465,2946,813,167.982754945755
1007,0.018,5271,787,15.656854152679443
1008,0.061,5267,779,46.14213538169861
1009,0.3,596,780,119.94112491607666
1010,1.9275,4281,799,386.5512965917587
1011,0.0215,2056,769,21.071067690849304
1012,0.188,4206,772,57.455843448638916
1013,0.004,3730,766,8.0
1014,0.006,2941,762,10.0
1015,0.006,238,760,10.0
1016,0.014,2938,757,13.656854152679443
1017,1.5495,1192,777,210.26702630519867
1018,12.4235,4029,821,750.1980463266373
1019,0.0735,4542,751,33.899494767189026
1020,18.7095,1010,814,1019.595014333725
1021,0.006,355,733,10.0
1022,0.01,643,731,20.82842707633972
1023,0.4835,1141,737,90.52691125869751
1024,0.0375,4493,713,23.899494767189026
1025,0.119,4672,707,44.97056245803833
1026,0.0495,5533,702,31.899494767189026
1027,8.5305,436,742,439.60511887073517
1028,0.716,4462,722,146.9116871356964
1029,0.193,4439,703,67.94112491607666
1030,5015.7245,3448,2417,68658.86240756512
1031,0.0475,5537,683,33.899494767189026
1032,0.3005,4672,684,88.87005710601807
1033,0.004,4678,667,8.0
1034,0.0495,4490,667,27.899494767189026
1035,3.993,638,707,354.2497806549072
1036,35.9555,55,840,1029.5117517709732
1037,11.3545,4343,721,536.1736595630646
1038,0.0145,718,625,14.242640614509583
1039,0.3775,4854,630,90.52691113948822
1040,0.4825,4479,635,94.18376588821411
1041,0.006,685,619,10.0
1042,0.01,1393,617,14.0
1043,0.004,4888,610,8.0
1044,0.0545,4847,611,36.72792184352875
1045,0.006,3784,609,10.0
1046,0.006,5326,597,10.0
1047,1.025,702,607,164.56854140758514
1048,0.015,163,593,16.0
1049,0.004,3238,580,8.0
1050,1.088,4410,597,145.05382239818573
1051,106.2565,5439,831,4553.950682878494
1052,0.006,3235,568,10.0
1053,0.014,3235,562,13.656854152679443
1054,0.004,4477,559,8.0
1055,1.447,2655,592,227.53910386562347
1056,0.006,2434,550,10.0
1057,0.014,2428,550,13.656854152679443
1058,0.0655,1339,550,41.899494767189026
1059,0.006,5340,547,10.0
1060,0.004,445,547,8.0
1061,0.0215,4904,539,19.41421353816986
1062,1.258,4375,565,173.68123936653137
1063,0.226,1380,535,69.4558435678482
1064,0.1115,1539,532,57.55634891986847
1065,5.7825,82,579,534.2325357198715
1066,0.0145,3123,526,14.242640614509583
1067,0.769,5428,537,112.08326005935669
1068,0.015,2254,523,14.828427076339722
1069,2.567,781,555,214.9116872549057
1070,12.695,5142,593,600.2741659879684
1071,0.009,1710,514,12.0
1072,9.003,3169,566,462.87719678878784
1073,0.0865,338,512,53.55634880065918
1074,0.004,5116,502,8.0
1075,0.004,2638,502,8.0
1076,0.01,2644,500,14.0
1077,0.031,2648,494,27.656854152679443
1078,0.335,3829,502,74.28427064418793
1079,0.1065,5107,496,56.38477599620819
1080,0.032,2635,492,35.65685415267944
1081,0.015,1585,487,14.828427076339722
1082,0.543,4465,493,140.56854152679443
1083,0.5825,1489,493,100.5269113779068
1084,2.038,1415,497,206.50966608524323
1085,0.176,5208,481,70.97056245803833
1086,3.323,1294,505,261.9655091762543
1087,29.1425,239,615,1192.2468147277832
1088,0.382,1528,459,83.4558436870575
1089,10.943,1657,492,490.33304011821747
1090,0.004,4360,412,8.0
1091,0.008,4820,407,18.82842707633972
1092,0.006,4813,402,10.0
1093,0.042,5516,402,25.656854152679443
1094,29.2595,5597,525,807.4873679876328
1095,0.023,3877,365,18.82842707633972
1096,0.3075,5645,369,111.01219236850739
1097,3.055,23,439,364.9949474334717
1098,0.004,4240,355,8.0
1099,0.0205,349,354,28.242640614509583
1100,0.01,353,349,14.0
1101,0.0845,5417,350,34.72792184352875
1102,0.01,2488,347,14.0
1103,0.137,2499,347,55.31370830535889
1104,0.751,3939,356,117.74011421203613
1105,0.027,4231,344,23.656854152679443
1106,0.008,339,340,12.0
1107,0.126,5396,342,44.97056245803833
1108,0.0565,1652,339,34.72792184352875
1109,0.014,2353,328,13.656854152679443
1110,0.004,2368,322,8.0
1111,0.176,3594,325,49.79898965358734
1112,0.0635,2359,323,40.72792184352875
1113,0.009,5574,307,12.0
1114,0.0405,2836,308,25.071067690849304
1115,0.0535,2366,310,46.72792184352875
1116,0.008,2369,301,12.0
1117,0.026,1059,293,20.82842707633972
1118,0.006,619,277,10.0
1119,0.0185,5557,267,16.242640614509583
1120,0.19,626,270,101.94112491607666
1121,0.006,1591,262,10.0
1122,143.733,4102,511,2060.042839884758
1123,0.004,592,259,8.0
1124,0.004,4198,250,8.0
1125,0.061,3677,251,31.313708066940308
1126,0.523,3230,258,97.11269772052765
1127,0.0125,1166,249,15.41421353816986
1128,0.004,4189,247,8.0
1129,0.004,4198,238,8.0
1130,0.01,4190,240,20.82842707633972
1131,0.008,4184,236,18.82842707633972
1132,0.006,3298,228,10.0
1133,0.115,3246,230,44.485281229019165
1134,49.516,396,387,1633.3666533231735
1135,2.3805,4229,242,198.12489008903503
1136,0.018,1768,214,17.656854152679443
1137,0.2955,5393,218,69.21320295333862
1138,0.2735,771,215,71.21320307254791
1139,0.006,4609,209,10.0
1140,0.006,3409,199,10.0
1141,0.0345,1767,201,38.24264061450958
1142,10.9185,2439,255,573.688379406929
1143,0.061,1648,194,39.31370830535889
1144,0.006,1753,190,10.0
1145,0.599,2377,204,113.25483357906342
1146,56.0145,680,346,1255.4772630929947
1147,0.026,5404,174,25.656854152679443
1148,0.004,511,169,8.0
1149,0.004,3265,166,8.0
1150,0.0145,5403,165,14.242640614509583
1151,0.2385,5416,173,76.04163014888763
1152,0.006,778,163,10.0
1153,0.1325,752,166,48.38477599620819
1154,0.206,491,167,54.97056245803833
1155,0.01,2111,160,14.0
1156,12.5065,5492,240,603.9482647180557
1157,6.959,5633,235,528.9360728263855
1158,0.059,1175,146,38.97056245803833
1159,0.0475,4253,145,27.899494767189026
1160,0.34,767,145,78.2842708826065
1161,0.1155,454,141,42.72792184352875
1162,0.024,1189,133,22.0
1163,0.0455,1177,136,43.071067690849304
1164,0.95,506,141,151.59797883033752
1165,0.515,5041,142,94.76955163478851
1166,0.2795,5651,134,71.21320295333862
1167,0.0805,3399,127,35.55634891986847
1168,13.9485,4143,168,630.8010767698288
1169,0.1105,766,119,58.38477599620819
1170,0.004,5410,106,8.0
1171,0.004,970,100,8.0
1172,0.015,4257,98,16.0
1173,1.089,4018,127,173.53910398483276
1174,0.006,769,69,10.0
1175,4.176,700,108,336.5929262638092
1176,0.1985,3425,71,58.3847758769989
1177,37.474,961,201,1124.264061331749
1178,0.004,901,58,8.0
1179,0.8495,794,69,143.982754945755
1180,0.004,4387,52,8.0
1181,0.0565,891,39,31.899494767189026
1182,0.004,979,34,8.0
1183,0.006,307,33,10.0
1184,0.0775,4132,35,42.72792184352875
1185,0.006,932,18,10.0
1186,0.4225,877,27,125.84061968326569
1187,0.13,848,19,54.627416491508484
1188,1.505,955,23,298.85281217098236
1189,0.0215,924,6,21.41421353816986
1190,6.7015,1060,49,573.5462441444397
1191,2.584,5645,45,351.53910398483276
1192,10.485,5562,82,591.1025928258896
1193,133.0765,5245,211,3568.0053845643997
1194,2.158,4965,20,215.74011421203613
1195,1102.1375,4841,1221,28114.42609012127
1196,0.02,4384,1,24.0
1197,0.017,4373,1,18.82842707633972
1198,9.422,4246,23,839.9310196638107
1199,0.021,4122,2,18.82842707633972
1200,0.002,3919,0,6.0
1201,0.5375,3420,19,124.52691113948822
1202,0.011,2299,1,12.828427076339722
1203,0.0055,2293,0,9.41421353816986
1204,1919.901,2788,566,40998.034301280975
1205,143.809,1388,216,2451.29767370224
1206,0.4215,793,5,112.87005722522736
1207,24.4105,502,50,921.7716382741928
1208,0.502,311,17,156.42640614509583
1209,1.0535,26,20,219.63960921764374
