,ID,Area,x_center_of_gravity,y_center_of_gravity,Perimeter,Area[%]
0,1,0.074,2793,4560,50.485281229019165,0.0005322471655141233
1,2,0.006,2575,4558,10.0,4.315517558222621e-05
2,3,0.004,4312,4553,8.0,2.877011705481747e-05
3,4,0.047,2823,4556,30.82842707633972,0.0003380488753941053
4,5,0.123,115,4556,47.31370830535889,0.0008846810994356371
5,6,0.309,4494,4555,86.6274163722992,0.0022224915424846497
6,7,0.1825,4330,4550,68.04163014888763,0.001312636590626047
7,8,1.5585,4180,4554,269.154327750206,0.011209556857483257
8,9,0.205,4990,4552,60.14213538169861,0.0014744684990593954
9,10,0.178,87,4546,59.79898953437805,0.0012802702089393775
10,11,0.962,4424,4550,148.42640602588654,0.006919213151683602
11,12,0.3725,3032,4547,91.35533833503725,0.002679217150729877
12,13,1.0305,4754,4547,141.01219260692596,0.00741190140624735
13,14,0.006,4140,4525,10.0,4.315517558222621e-05
14,15,0.006,3034,4525,10.0,4.315517558222621e-05
15,16,6.4695,3736,4548,659.5218585729599,0.046532068071535405
16,17,0.014,834,4519,14.828427076339722,0.00010069540969186115
17,18,1.24,2849,4529,200.71067678928372,0.008918736286993415
18,19,0.011,4857,4501,12.828427076339722,7.911782190074804e-05
19,20,7.9515,2677,4526,384.75230717659,0.05719139644034528
20,21,0.0395,5145,4484,29.071067690849304,0.0002841049059163225
21,22,0.01,5153,4477,14.0,7.192529263704368e-05
22,23,0.1405,5561,4478,60.24264061450958,0.0010105503615504639
23,24,0.17,3664,4478,56.97056233882904,0.0012227299748297426
24,25,0.212,5392,4477,62.62741661071777,0.0015248162039053258
25,26,0.7995,1180,4477,129.9827550649643,0.005750427146331642
26,27,6.3795,4843,4522,787.2863576412201,0.04588474043780201
27,28,0.238,5348,4469,85.11269783973694,0.0017118219647616394
28,29,0.032,2907,4457,25.656854152679443,0.00023016093643853975
29,30,0.1005,1504,4461,44.72792184352875,0.000722849191002289
30,31,0.006,4525,4452,10.0,4.315517558222621e-05
31,32,0.0515,3695,4449,29.071067690849304,0.0003704152570807749
32,33,0.0875,3682,4447,38.72792172431946,0.0006293463105741321
33,34,0.2345,3718,4446,60.041630029678345,0.001686648112338674
34,35,0.5045,3807,4452,110.6690467596054,0.0036286310135388534
35,36,0.06,5301,4438,32.14213526248932,0.00043155175582226205
36,37,0.004,5320,4429,8.0,2.877011705481747e-05
37,38,0.6635,131,4448,109.0121923685074,0.004772243166467848
38,39,0.152,3841,4428,60.62741649150848,0.001093264448083064
39,40,0.015,2928,4424,16.0,0.00010788793895556551
40,41,0.0205,4286,4424,22.242640614509583,0.00014744684990593954
41,42,0.023,808,4424,18.82842707633972,0.00016542817306520048
42,43,0.027,827,4422,21.656854152679443,0.00019419829012001793
43,44,0.0375,817,4422,28.242640614509583,0.0002697198473889138
44,45,0.004,715,4411,8.0,2.877011705481747e-05
45,46,1.3465,3002,4428,165.2964630126953,0.009684740653577932
46,47,0.064,3695,4411,34.14213538169861,0.0004603218728770795
47,48,0.121,3679,4410,49.31370830535889,0.0008702960409082285
48,49,6.679,2232,4459,356.24978017807007,0.04803890295228148
49,50,0.3075,3718,4408,70.87005722522736,0.0022117027485890933
50,51,0.028,4350,4402,28.485281229019165,0.0002013908193837223
51,52,0.029,2378,4397,23.313708305358887,0.00020858334864742666
52,53,0.006,1,4389,10.0,4.315517558222621e-05
53,54,0.0825,1590,4392,37.89949476718903,0.0005933836642556104
54,55,0.208,1454,4390,58.62741649150848,0.0014960460868505083
55,56,4.993,1229,4416,279.6812392473221,0.03591229861367591
56,57,0.1855,3408,4385,53.55634880065918,0.0013342141784171602
57,58,55.6715,3242,4478,1286.7665858268738,0.4004188929043177
58,59,0.046,1507,4380,26.485281229019165,0.00033085634613040096
59,60,0.006,1327,4375,10.0,4.315517558222621e-05
60,61,0.0085,3258,4369,11.41421353816986,6.113649874148712e-05
61,62,0.006,2766,4363,10.0,4.315517558222621e-05
62,63,1.9545,2331,4387,197.7817441225052,0.014057798445910185
63,64,0.004,3898,4356,8.0,2.877011705481747e-05
64,65,2.084,2158,4381,194.36753118038175,0.014989230985559902
65,66,0.006,838,4345,10.0,4.315517558222621e-05
66,67,0.3855,382,4338,80.18376541137695,0.002772720031158034
67,68,16.4035,1392,4429,762.2569198608398,0.11798265377717461
68,69,0.018,1670,4313,22.82842707633972,0.0001294655267466786
69,70,0.014,2648,4309,18.0,0.00010069540969186115
70,71,18.149,2679,4383,736.7005717754364,0.13053721360697057
71,72,0.018,2657,4307,22.82842707633972,0.0001294655267466786
72,73,0.0085,2673,4303,11.41421353816986,6.113649874148712e-05
73,74,0.0605,3245,4304,50.72792184352875,0.00043514802045411426
74,75,0.418,489,4309,83.4558435678482,0.0030064772322284257
75,76,0.0085,2628,4290,11.41421353816986,6.113649874148712e-05
76,77,3.4025,5518,4329,339.8650040626526,0.024472580819754113
77,78,0.096,375,4287,39.31370830535889,0.0006904828093156194
78,79,0.008,4774,4282,12.0,5.754023410963494e-05
79,80,0.008,4756,4276,12.0,5.754023410963494e-05
80,81,0.004,2908,4273,8.0,2.877011705481747e-05
81,82,0.051,329,4275,27.656854033470157,0.0003668189924489227
82,83,0.016,890,4271,20.82842707633972,0.00011508046821926988
83,84,4.4975,302,4330,548.7178161144257,0.03234840036351039
84,85,0.0845,178,4266,35.899494767189026,0.0006077687227830192
85,86,0.054,697,4262,33.31370830535889,0.00038839658024003587
86,87,0.216,490,4265,78.28427064418793,0.0015535863209601435
87,88,0.0675,1690,4254,40.72792184352875,0.00048549572530004486
88,89,59.8165,904,4438,1607.785919547081,0.4302319267023723
89,90,5.376,1465,4295,307.9655097723007,0.03866703732167468
90,91,0.0085,247,4251,11.41421353816986,6.113649874148712e-05
91,92,0.024,467,4246,19.656854152679443,0.00017262070232890484
92,93,0.0085,451,4245,11.41421353816986,6.113649874148712e-05
93,94,0.038,458,4244,24.485281229019165,0.000273316112020766
94,95,0.0965,2474,4247,45.55634891986847,0.0006940790739474715
95,96,0.3325,1110,4231,80.5269113779068,0.002391515980181702
96,97,0.008,499,4213,12.0,5.754023410963494e-05
97,98,0.008,487,4213,12.0,5.754023410963494e-05
98,99,0.0175,2898,4214,18.242640614509583,0.00012586926211482645
99,100,22.83,5617,4343,885.1025923490524,0.1642054430903707
100,101,0.008,4414,4207,12.0,5.754023410963494e-05
101,102,0.008,484,4207,12.0,5.754023410963494e-05
102,103,45.0095,2404,4363,2620.760655283928,0.3237321458947018
103,104,0.008,2039,4202,18.82842707633972,5.754023410963494e-05
104,105,0.222,508,4207,90.62741661071776,0.0015967414965423696
105,106,0.024,483,4199,28.82842707633972,0.00017262070232890484
106,107,0.012,499,4195,14.0,8.631035116445242e-05
107,108,0.008,493,4195,12.0,5.754023410963494e-05
108,109,0.7835,455,4206,183.15432798862457,0.005635346678112371
109,110,0.008,487,4192,12.0,5.754023410963494e-05
110,111,0.008,481,4192,12.0,5.754023410963494e-05
111,112,0.011,3187,4191,12.828427076339722,7.911782190074804e-05
112,113,0.118,1080,4202,57.31370830535889,0.0008487184531171153
113,114,0.3665,206,4199,89.01219248771667,0.0026360619751476504
114,115,9.114,1535,4241,503.50461316108704,0.06555271170940162
115,116,0.006,487,4183,10.0,4.315517558222621e-05
116,117,11.486,4067,4261,651.3868632316589,0.08261339112290837
117,118,0.0825,531,4185,38.72792184352875,0.0005933836642556104
118,119,115.8765,1824,4417,2830.108855009079,0.8334451172256391
119,120,0.29,814,4183,81.11269760131836,0.0020858334864742663
120,121,9.8025,2077,4245,442.6345566511154,0.07050476810746206
121,122,0.0085,4302,4173,11.41421353816986,6.113649874148712e-05
122,123,24.955,3039,4265,988.950352191925,0.1794895677757425
123,124,22.1095,1282,4241,667.4873687028885,0.15902322575587172
124,125,0.066,3076,4173,44.485281229019165,0.0004747069314044883
125,126,0.008,3022,4162,10.828427076339722,5.754023410963494e-05
126,127,0.006,4761,4153,10.0,4.315517558222621e-05
127,128,0.146,3034,4156,51.79898929595947,0.0010501092725008377
128,129,0.1135,5601,4153,49.071067571640015,0.0008163520714304457
129,130,8.4705,2284,4191,397.7472525835037,0.06092431912820785
130,131,0.104,4460,4143,40.485281229019165,0.0007480230434252542
131,132,0.062,2979,4140,30.97056245803833,0.0004459368143496708
132,133,0.0285,4109,4138,31.071067690849304,0.0002049870840155745
133,134,0.022,5653,4133,21.656854152679443,0.0001582356438014961
134,135,0.07,1007,4131,32.97056221961975,0.0005034770484593058
135,136,0.006,1827,4123,10.0,4.315517558222621e-05
136,137,0.7,5587,4134,157.0538226366043,0.005034770484593057
137,138,0.421,3845,4126,103.94112467765808,0.003028054820019539
138,139,0.1775,1131,4125,51.21320295333862,0.001276673944307525
139,140,0.2415,4124,4124,66.04162991046906,0.0017369958171846048
140,141,0.149,1618,4121,50.14213538169861,0.0010716868602919506
141,142,0.0915,4089,4123,44.72792184352875,0.0006581164276289497
142,143,0.57,1486,4130,107.94112491607666,0.004099741680311489
143,144,0.01,4874,4111,14.0,7.192529263704368e-05
144,145,1.7535,3780,4130,233.9238792657852,0.01261210006390561
145,146,1.528,1398,4149,219.33809340000155,0.010990184714940274
146,147,0.423,5493,4121,85.11269772052765,0.0030424398785469475
147,148,4.204,1961,4142,290.1076452732086,0.030237393024613157
148,149,0.306,5653,4113,75.4558435678482,0.002200913954693536
149,150,0.0505,4886,4094,29.899494647979736,0.0003632227278170706
150,151,0.011,1795,4092,12.828427076339722,7.911782190074804e-05
151,152,0.014,1396,4093,13.656854152679443,0.00010069540969186115
152,153,0.008,4621,4084,12.0,5.754023410963494e-05
153,154,0.014,1393,4084,13.656854152679443,0.00010069540969186115
154,155,20.7355,45,4226,936.114785671234,0.1491406905475419
155,156,0.0495,2315,4080,26.727921843528748,0.0003560301985533662
156,157,0.0915,1379,4079,39.89949476718903,0.0006581164276289497
157,158,0.006,1720,4072,10.0,4.315517558222621e-05
158,159,0.253,2410,4083,94.28427076339722,0.001819709903717205
159,160,0.023,4205,4068,20.82842707633972,0.00016542817306520048
160,161,0.0175,1944,4070,17.41421353816986,0.00012586926211482645
161,162,0.026,4204,4058,19.656854152679443,0.00018700576085631354
162,163,3.36,1860,4079,318.04877042770386,0.024166898326046675
163,164,0.008,232,4054,12.0,5.754023410963494e-05
164,165,0.008,222,4052,18.82842707633972,5.754023410963494e-05
165,166,42.552,2866,4265,2077.758569598198,0.3060565052291483
166,167,0.0115,2497,4039,13.41421353816986,8.271408653260024e-05
167,168,0.014,4384,4039,13.656854152679443,0.00010069540969186115
168,169,9.078,1696,4107,508.274165391922,0.06529378065590824
169,170,5.1245,5541,4075,398.2914105653763,0.03685811621185303
170,171,0.0995,1480,4027,44.72792184352875,0.0007156566617385846
171,172,0.011,2197,4012,12.828427076339722,7.911782190074804e-05
172,173,0.157,1589,4023,57.31370830535889,0.0011292270944015857
173,174,2.173,1352,4033,216.65180122852323,0.015629366090029594
174,175,0.006,5232,4003,10.0,4.315517558222621e-05
175,176,0.011,5227,4002,12.828427076339722,7.911782190074804e-05
176,177,2.8375,3097,4040,284.89444184303284,0.020408801785761144
177,178,1.068,2800,4043,204.5096663236618,0.007681621253636264
178,179,224.332,5156,4255,3258.18914937973,1.6135144747853283
179,180,0.006,211,3994,10.0,4.315517558222621e-05
180,181,0.0125,1192,3992,15.41421353816986,8.99066157963046e-05
181,182,0.011,205,3990,12.828427076339722,7.911782190074804e-05
182,183,25.173,1239,4078,981.754394173622,0.18105753915523004
183,184,0.118,3621,3982,44.14213538169861,0.0008487184531171153
184,185,0.006,154,3978,10.0,4.315517558222621e-05
185,186,0.0085,4120,3975,11.41421353816986,6.113649874148712e-05
186,187,0.006,5454,3970,10.0,4.315517558222621e-05
187,188,0.011,3022,3970,12.828427076339722,7.911782190074804e-05
188,189,0.006,5449,3967,10.0,4.315517558222621e-05
189,190,14.657,640,4087,749.8132693767548,0.10542090141811493
190,191,3.888,4544,3997,334.24978041648865,0.02796455377728258
191,192,1.2555,2838,3987,149.15432798862457,0.009030220490580833
192,193,6.074,3758,3997,352.93607211112976,0.04368742274774033
193,194,0.7625,3046,3974,131.98275470733645,0.0054843035635745805
194,195,0.2635,777,3967,80.87005698680878,0.0018952314609861011
195,196,0.0475,4742,3944,31.071067690849304,0.0003416451400259575
196,197,0.013,2513,3938,18.82842707633972,9.350288042815677e-05
197,198,3.2805,4690,3965,319.52185893058777,0.023595092249582176
198,199,0.004,2380,3928,8.0,2.877011705481747e-05
199,200,0.0145,3756,3927,14.242640614509584,0.00010429167432371333
200,201,0.0235,2371,3929,20.242640614509583,0.00016902443769705266
201,202,0.0415,3804,3927,31.071067690849304,0.0002984899644437313
202,203,0.27,3786,3927,76.28427076339722,0.0019419829012001795
203,204,0.114,1189,3928,47.79898953437805,0.000819948336062298
204,205,0.006,3030,3910,10.0,4.315517558222621e-05
205,206,11.373,4810,3976,524.132030248642,0.08180063531610977
206,207,0.028,1190,3910,27.656854152679443,0.0002013908193837223
207,208,0.006,517,3903,10.0,4.315517558222621e-05
208,209,0.3835,5497,3916,92.3847759962082,0.0027583349726306252
209,210,0.032,507,3898,22.485281229019165,0.00023016093643853975
210,211,0.006,4263,3895,10.0,4.315517558222621e-05
211,212,0.4245,3689,3900,91.35533809661864,0.003053228672442504
212,213,266.049,4313,4287,8273.48506808281,1.9135652180792833
213,214,0.092,2457,3898,50.485281229019165,0.0006617126922608019
214,215,0.006,4327,3886,10.0,4.315517558222621e-05
215,216,0.19,3870,3895,86.28427076339722,0.00136658056010383
216,217,0.0175,2863,3884,18.242640614509583,0.00012586926211482645
217,218,0.0145,3002,3879,17.41421353816986,0.00010429167432371333
218,219,0.009,2848,3873,12.0,6.47327633733393e-05
219,220,0.102,4387,3875,38.97056245803833,0.0007336379848978454
220,221,0.238,204,3882,74.28427064418793,0.0017118219647616394
221,222,0.3175,1691,3877,76.04163002967834,0.0022836280412261364
222,223,0.0725,3005,3868,51.55634891986847,0.0005214583716185666
223,224,1.485,9,3913,228.9116872549057,0.010680905956600987
224,225,0.004,2434,3856,8.0,2.877011705481747e-05
225,226,0.0085,1723,3855,11.41421353816986,6.113649874148712e-05
226,227,0.0415,3009,3852,31.071067690849304,0.0002984899644437313
227,228,9.6435,5358,3917,490.2325346469879,0.06936115595453307
228,229,0.006,5404,3843,10.0,4.315517558222621e-05
229,230,0.011,2691,3844,12.828427076339722,7.911782190074804e-05
230,231,0.0555,4597,3840,33.071067571640015,0.0003991853741355924
231,232,0.034,3005,3840,31.656854033470157,0.0002445459949659485
232,233,7.0635,4537,3887,401.8061295747757,0.050804430454175806
233,234,0.006,630,3814,10.0,4.315517558222621e-05
234,235,0.05,1356,3815,33.31370830535889,0.0003596264631852184
235,236,41.141,1523,3926,1233.259006500244,0.2959078464380614
236,237,17.2965,3100,3885,695.2863578796387,0.1244055824096626
237,238,0.018,3825,3809,16.82842707633972,0.0001294655267466786
238,239,195.7855,3406,4102,3242.917071700096,1.4081929381589915
239,240,0.0565,1427,3807,31.899494767189022,0.0004063779033992968
240,241,0.011,4290,3796,12.828427076339722,7.911782190074804e-05
241,242,0.004,2605,3781,8.0,2.877011705481747e-05
242,243,81.0785,358,3956,1724.7219907045364,0.5831594839072547
243,244,0.262,1505,3781,79.4558435678482,0.0018844426670905445
244,245,16.1265,4692,3848,871.9381601810455,0.11599032317112848
245,246,0.4855,1687,3776,107.84061968326569,0.0034919729575284704
246,247,1.1715,1451,3776,168.46803605556488,0.008426048032429667
247,248,0.006,5254,3756,10.0,4.315517558222621e-05
248,249,0.179,174,3766,62.14213538169861,0.0012874627382030818
249,250,0.144,4736,3760,47.45584344863892,0.0010357242139734288
250,251,0.0085,4725,3748,11.41421353816986,6.113649874148712e-05
251,252,0.094,2487,3754,41.31370830535889,0.0006760977507882106
252,253,10.4365,1307,3823,543.0020871162415,0.07506483166065063
253,254,0.04,607,3740,34.14213538169861,0.0002877011705481747
254,255,1.014,1564,3761,152.9116872549057,0.0072932246733962295
255,256,0.029,1743,3732,23.656854152679443,0.00020858334864742666
256,257,2.7105,4352,3759,230.7523068189621,0.01949535056927069
257,258,93.773,4042,3976,3399.0419623851776,0.6744650466453496
258,259,4.6235,611,3787,509.8893893957138,0.03325465905073714
259,260,0.092,2486,3729,37.31370830535889,0.0006617126922608019
260,261,0.319,2620,3723,94.62741649150848,0.0022944168351216937
261,262,0.019,624,3721,16.82842707633972,0.000136658056010383
262,263,0.221,2328,3728,76.62741661071777,0.0015895489672786652
263,264,0.077,632,3725,50.14213538169861,0.0005538247533052363
264,265,21.821,5613,3838,723.5046133995056,0.156948181063293
265,266,0.004,4414,3706,8.0,2.877011705481747e-05
266,267,0.0295,1863,3705,21.071067690849304,0.00021217961327927882
267,268,2.227,1756,3720,386.93607234954834,0.016017762670269626
268,269,0.21,1159,3698,58.97056245803833,0.0015104311453779172
269,270,0.094,4751,3693,43.31370830535889,0.0006760977507882106
270,271,4.58,1203,3728,341.2792180776596,0.032941784027766007
271,272,0.006,1975,3682,10.0,4.315517558222621e-05
272,273,0.021,4751,3679,19.656854152679443,0.00015104311453779172
273,274,0.006,2719,3670,10.0,4.315517558222621e-05
274,275,110.13,920,3868,2042.160589814186,0.792113247811762
275,276,0.23,4118,3675,60.97056233882904,0.0016542817306520047
276,277,3.129,67,3708,294.7939364910126,0.02250542406613097
277,278,0.008,4420,3667,12.0,5.754023410963494e-05
278,279,1.5165,632,3685,169.15432798862457,0.010907470628407674
279,280,28.016,4501,3751,755.4112478494644,0.20150589985194156
280,281,0.287,4707,3651,71.4558435678482,0.002064255898683153
281,282,0.006,459,3640,10.0,4.315517558222621e-05
282,283,1.0085,10,3667,179.2964631319046,0.007253665762445855
283,284,2.804,429,3664,249.3380935192108,0.020167852055427045
284,285,0.004,4591,3625,8.0,2.877011705481747e-05
285,286,0.3555,58,3638,101.69848430156708,0.0025569441532469024
286,287,0.011,1858,3621,12.828427076339722,7.911782190074804e-05
287,288,0.1005,4713,3625,70.04163014888763,0.000722849191002289
288,289,0.014,3094,3619,13.656854152679443,0.00010069540969186115
289,290,0.006,4590,3616,10.0,4.315517558222621e-05
290,291,0.006,3426,3613,10.0,4.315517558222621e-05
291,292,176.6675,2095,3864,5050.308107614517,1.2706861636954914
292,293,0.6365,2005,3620,134.66904664039612,0.004578044876347829
293,294,0.0175,2593,3602,17.41421353816986,0.00012586926211482645
294,295,0.004,4711,3598,8.0,2.877011705481747e-05
295,296,0.1055,3326,3601,72.87005722522736,0.0007588118373208107
296,297,0.009,4054,3592,12.0,6.47327633733393e-05
297,298,2.694,527,3623,222.02438509464264,0.019376673836419566
298,299,0.2915,2278,3595,70.04163002967834,0.002096622280369823
299,300,4.749,5605,3630,462.6761862039566,0.03415732147333204
300,301,0.0635,4174,3588,41.55634891986847,0.00045672560824522735
301,302,0.3205,2324,3585,97.35533833503725,0.00230520562901725
302,303,1.087,2214,3591,209.19595777988437,0.007818279309646648
303,304,0.004,3412,3574,8.0,2.877011705481747e-05
304,305,0.6375,2611,3582,112.52691125869752,0.004585237405611534
305,306,0.024,3406,3574,23.656854152679443,0.00017262070232890484
306,307,0.2055,4811,3576,63.21320307254791,0.0014780647636912475
307,308,0.0775,2324,3569,35.899494767189026,0.0005574210179370884
308,309,0.441,5442,3581,118.91168689727785,0.003171905405293626
309,310,0.008,2137,3562,12.0,5.754023410963494e-05
310,311,0.122,610,3566,43.31370830535889,0.0008774885701719327
311,312,0.0635,2001,3562,58.72792184352875,0.00045672560824522735
312,313,0.1055,3441,3560,41.89949476718903,0.0007588118373208107
313,314,0.7245,3046,3582,142.32590079307556,0.0052109874515538146
314,315,0.8145,442,3567,111.0121923685074,0.005858315085287207
315,316,21.5955,1347,3645,917.5361377000808,0.15532626571432767
316,317,0.008,2476,3550,12.0,5.754023410963494e-05
317,318,19.9165,4322,3637,671.6295039653778,0.14325000908056804
318,319,0.173,2145,3554,86.62741649150848,0.0012443075626208556
319,320,3.5645,855,3592,296.5512963533401,0.02563777056047422
320,321,0.0745,5452,3548,33.899494767189026,0.0005358434301459753
321,322,0.087,5568,3547,36.485281229019165,0.0006257500459422799
322,323,0.049,5557,3547,33.31370830535889,0.00035243393392151405
323,324,8.877,2513,3638,662.2152903079987,0.06384808227390368
324,325,1.558,1953,3564,243.1959580183029,0.011205960592851404
325,326,0.075,277,3543,40.485281229019165,0.0005394396947778276
326,327,0.2545,1930,3539,90.3847759962082,0.0018304986976127617
327,328,0.127,3738,3540,48.14213538169861,0.0009134512164904547
328,329,19.267,224,3630,792.1564152240753,0.13857846132379203
329,330,0.0805,5426,3536,36.72792184352875,0.0005789986057282016
330,331,0.011,1999,3529,12.828427076339722,7.911782190074804e-05
331,332,0.615,50,3539,102.76955199241638,0.004423405497178187
332,333,0.012,1,3526,16.0,8.631035116445242e-05
333,334,0.1385,3731,3521,58.72792184352875,0.000996165303023055
334,335,0.011,2179,3517,12.828427076339722,7.911782190074804e-05
335,336,0.0405,2000,3519,35.071067690849304,0.00029129743518002693
336,337,0.153,2365,3519,48.6274163722992,0.001100456977346768
337,338,0.193,2324,3520,66.97056245803833,0.001388158147894943
338,339,0.011,2185,3507,12.828427076339722,7.911782190074804e-05
339,340,23.1535,4533,3571,938.1391701698304,0.1665322263071791
340,341,0.008,2773,3502,12.0,5.754023410963494e-05
341,342,0.008,2767,3502,12.0,5.754023410963494e-05
342,343,5.0165,2048,3543,509.948264837265,0.03608132305137296
343,344,0.0085,1999,3502,11.41421353816986,6.113649874148712e-05
344,345,1.392,1199,3528,161.05382251739502,0.010012000735076479
345,346,0.0835,2214,3508,40.72792184352875,0.0006005761935193147
346,347,0.084,2737,3503,35.3137081861496,0.0006041724581511669
347,348,0.3175,2135,3508,77.69848430156708,0.0022836280412261364
348,349,0.015,4656,3497,16.0,0.00010788793895556551
349,350,20.4365,1072,3563,1017.536138176918,0.1469901242976943
350,351,0.0085,19,3489,11.41421353816986,6.113649874148712e-05
351,352,0.0635,2736,3488,30.727921843528748,0.00045672560824522735
352,353,0.0125,2303,3484,15.41421353816986,8.99066157963046e-05
353,354,0.1795,1983,3492,59.55634891986847,0.001291059002834934
354,355,0.0085,3553,3481,11.41421353816986,6.113649874148712e-05
355,356,0.34,1957,3490,89.45584344863892,0.0024454599496594853
356,357,167.57,2765,3829,5519.084801316261,1.2052521287189408
357,358,0.014,1954,3478,13.656854152679443,0.00010069540969186115
358,359,0.004,13,3469,8.0,2.877011705481747e-05
359,360,0.593,266,3475,150.22539567947388,0.00426516985337669
360,361,1.5105,4664,3482,253.78174459934235,0.010864315452825447
361,362,3.395,1281,3483,261.1370828151703,0.024418636850276326
362,363,0.006,4708,3453,10.0,4.315517558222621e-05
363,364,0.1055,1387,3458,43.21320295333862,0.0007588118373208107
364,365,0.1215,968,3451,46.72792184352875,0.0008738923055400807
365,366,0.0155,954,3449,20.242640614509583,0.0001114842035874177
366,367,0.11,3740,3451,41.3137081861496,0.0007911782190074805
367,368,0.218,1989,3452,64.6274163722992,0.001567971379487552
368,369,0.011,4378,3444,12.828427076339722,7.911782190074804e-05
369,370,0.011,4372,3444,12.828427076339722,7.911782190074804e-05
370,371,0.011,4363,3444,12.828427076339722,7.911782190074804e-05
371,372,0.011,4357,3444,12.828427076339722,7.911782190074804e-05
372,373,0.014,4339,3445,13.656854152679443,0.00010069540969186115
373,374,0.0345,4708,3440,31.071067690849304,0.0002481422595978007
374,375,0.219,2914,3434,64.97056245803833,0.0015751639087512564
375,376,0.06,3714,3423,30.485281229019165,0.00043155175582226205
376,377,1.0165,1124,3431,140.81118178367615,0.00731120599655549
377,378,0.14,1808,3421,44.97056221961975,0.0010069540969186116
378,379,8.6425,111,3470,546.2325353622437,0.062161434161565
379,380,3.069,878,3442,322.4507917165756,0.022073872310308704
380,381,0.008,1201,3409,12.0,5.754023410963494e-05
381,382,0.006,1351,3406,10.0,4.315517558222621e-05
382,383,0.0085,5194,3403,11.41421353816986,6.113649874148712e-05
383,384,17.3315,4848,3462,946.7665864229202,0.12465732093389224
384,385,0.0185,3853,3405,21.41421353816986,0.00013306179137853081
385,386,0.122,614,3409,44.14213538169861,0.0008774885701719327
386,387,0.058,4909,3403,46.14213538169861,0.0004171666972948533
387,388,26.0905,730,3489,1029.3351267576218,0.1876566847546788
388,389,0.8505,1223,3418,141.63960886001587,0.006117246138780565
389,390,0.01,3844,3398,14.0,7.192529263704368e-05
390,391,0.084,1050,3395,45.31370830535889,0.0006041724581511669
391,392,0.0775,852,3390,38.72792184352875,0.0005574210179370884
392,393,0.2265,485,3391,65.55634891986847,0.0016291078782290395
393,394,0.145,4858,3387,53.31370830535889,0.0010429167432371331
394,395,0.006,4821,3382,10.0,4.315517558222621e-05
395,396,0.008,4816,3382,12.0,5.754023410963494e-05
396,397,0.006,1254,3382,10.0,4.315517558222621e-05
397,398,0.008,487,3379,12.0,5.754023410963494e-05
398,399,3.282,254,3408,276.65180134773254,0.023605881043477734
399,400,0.781,1133,3378,137.396968126297,0.005617365354953111
400,401,0.006,3375,3364,10.0,4.315517558222621e-05
401,402,0.0865,4762,3364,36.72792184352875,0.0006221537813104278
402,403,0.099,4780,3361,44.14213538169861,0.0007120603971067324
403,404,0.2365,4827,3361,72.04163002967834,0.0017010331708660828
404,405,14.731,2636,3433,1070.0630506277084,0.10595314858362903
405,406,6.34,1005,3366,408.7350618839264,0.04560063553188569
406,407,0.012,5553,3319,16.0,8.631035116445242e-05
407,408,0.108,737,3306,44.97056221961975,0.0007767931604800717
408,409,0.008,727,3301,12.0,5.754023410963494e-05
409,410,0.084,1236,3305,36.14213514328003,0.0006041724581511669
410,411,0.013,748,3300,14.828427076339722,9.350288042815677e-05
411,412,0.018,743,3296,22.82842707633972,0.0001294655267466786
412,413,0.008,727,3295,12.0,5.754023410963494e-05
413,414,20.448,1336,3358,1374.5727158784866,0.1470728383842269
414,415,0.054,5494,3281,29.656854152679443,0.00038839658024003587
415,416,0.031,188,3270,26.485281229019165,0.0002229684071748354
416,417,5.9745,55,3300,440.9777023792267,0.04297176608600175
417,418,2.165,2629,3272,200.02438509464264,0.015571825855919956
418,419,0.0345,143,3248,23.899494767189022,0.0002481422595978007
419,420,0.454,1272,3250,97.11269783973694,0.0032654082857217826
420,421,226.566,5225,3587,5611.261425852776,1.629582585160444
421,422,0.006,2458,3229,10.0,4.315517558222621e-05
422,423,0.0115,169,3225,13.41421353816986,8.271408653260024e-05
423,424,0.006,5398,3220,10.0,4.315517558222621e-05
424,425,0.006,5473,3214,10.0,4.315517558222621e-05
425,426,10.3015,1797,3262,594.1147857904434,0.07409384021005054
426,427,0.038,3382,3209,23.656854152679443,0.000273316112020766
427,428,0.011,5005,3205,12.828427076339722,7.911782190074804e-05
428,429,0.014,3379,3202,13.656854152679443,0.00010069540969186115
429,430,2.461,194,3234,260.30865573883057,0.01770081451797645
430,431,0.31,2667,3203,106.28427076339722,0.002229684071748354
431,432,0.037,1748,3176,26.485281109809875,0.00026612358275706163
432,433,16.0615,854,3245,641.4873684644699,0.1155228087689877
433,434,0.053,3155,3166,28.485281229019165,0.00038120405097633145
434,435,2.1965,5429,3190,261.9238793849945,0.015798390527726643
435,436,0.202,3978,3165,67.45584344863892,0.0014528909112682825
436,437,0.808,2701,3179,131.74011433124542,0.00581156364507313
437,438,0.024,4148,3160,19.656854152679443,0.00017262070232890484
438,439,0.2975,2648,3158,70.87005722522736,0.0021397774559520494
439,440,0.062,2303,3156,49.65685415267944,0.0004459368143496708
440,441,0.0235,5441,3148,19.41421353816986,0.00016902443769705266
441,442,6.8245,705,3205,428.6345566511154,0.04908541596015045
442,443,0.319,4127,3150,87.94112491607666,0.0022944168351216937
443,444,45.6895,2844,3262,1004.5067008733748,0.32862306579402073
444,445,0.004,4435,3136,8.0,2.877011705481747e-05
445,446,0.076,5441,3136,46.485281229019165,0.000546632224041532
446,447,0.0085,1413,3127,11.41421353816986,6.113649874148712e-05
447,448,0.0885,737,3129,61.21320307254791,0.0006365388398378365
448,449,0.8065,768,3128,239.78174459934235,0.005800774851177572
449,450,0.029,1414,3117,26.485281229019165,0.00020858334864742666
450,451,3.868,540,3146,317.1370828151703,0.027820703192008495
451,452,0.006,3150,3106,10.0,4.315517558222621e-05
452,453,0.004,910,3103,8.0,2.877011705481747e-05
453,454,0.004,724,3103,8.0,2.877011705481747e-05
454,455,0.171,5470,3102,53.79898953437805,0.0012299225040934472
455,456,0.026,2507,3085,19.656854152679443,0.00018700576085631354
456,457,0.011,5137,3076,12.828427076339722,7.911782190074804e-05
457,458,0.479,907,3087,133.25483310222626,0.003445221517314392
458,459,0.2835,744,3072,74.38477599620819,0.002039082046260188
459,460,0.006,4407,3061,10.0,4.315517558222621e-05
460,461,1.1025,690,3075,160.81118214130402,0.007929763513234066
461,462,0.008,3664,3049,12.0,5.754023410963494e-05
462,463,0.014,3658,3049,13.656854152679443,0.00010069540969186115
463,464,108.8965,3614,3242,1712.8641262054443,0.7832412629649828
464,465,173.605,3199,3429,5296.575134515762,1.2486590428253967
465,466,0.6275,4428,3051,117.49747371673584,0.00451331211297449
466,467,47.7295,1131,3165,1169.4183886051178,0.3432958254919776
467,468,0.0415,5163,3031,29.071067690849304,0.0002984899644437313
468,469,0.004,1057,3022,8.0,2.877011705481747e-05
469,470,0.79,707,3031,147.88224983215332,0.005682098118326451
470,471,0.2365,5652,3006,69.55634891986847,0.0017010331708660828
471,472,0.0835,1768,2982,37.0710676908493,0.0006005761935193147
472,473,0.0315,4472,2952,29.071067690849304,0.0002265646718066876
473,474,0.0085,1276,2937,11.41421353816986,6.113649874148712e-05
474,475,22.358,1330,3019,962.03866481781,0.16081056927790227
475,476,0.004,1284,2935,8.0,2.877011705481747e-05
476,477,0.011,1287,2929,12.828427076339722,7.911782190074804e-05
477,478,0.006,4495,2926,10.0,4.315517558222621e-05
478,479,0.011,3874,2917,12.828427076339722,7.911782190074804e-05
479,480,0.155,4860,2921,58.62741661071777,0.001114842035874177
480,481,0.006,5658,2902,10.0,4.315517558222621e-05
481,482,0.006,3934,2899,10.0,4.315517558222621e-05
482,483,3.447,257,2948,301.6223638057709,0.024792648371988954
483,484,0.0175,5655,2891,17.41421353816986,0.00012586926211482645
484,485,2.134,1209,2909,396.5929261445999,0.01534885744874512
485,486,9.8125,1058,2940,410.7766921520233,0.0705766934000991
486,487,23.616,850,2968,661.612258553505,0.16985877109164235
487,488,0.6625,2562,2875,109.01219248771667,0.0047650506372041435
488,489,25.5625,84,3008,1600.6387313604357,0.1838590293034429
489,490,0.032,3712,2844,25.656854152679443,0.00023016093643853975
490,491,0.014,3235,2845,13.656854152679443,0.00010069540969186115
491,492,0.014,2584,2845,13.656854152679443,0.00010069540969186115
492,493,0.011,1522,2845,12.828427076339722,7.911782190074804e-05
493,494,1.0885,4864,2860,255.4385987520218,0.007829068103542206
494,495,0.0545,3959,2839,30.242640614509583,0.000391992844871888
495,496,0.0085,790,2835,11.41421353816986,6.113649874148712e-05
496,497,3.855,1470,2882,284.1076452732086,0.027727200311580335
497,498,0.014,796,2833,13.656854152679443,0.00010069540969186115
498,499,0.0175,3727,2828,18.242640614509583,0.00012586926211482645
499,500,0.092,3710,2833,51.79898953437805,0.0006617126922608019
500,501,0.014,3142,2824,13.656854152679443,0.00010069540969186115
501,502,0.1745,5033,2826,53.21320295333862,0.0012550963565164121
502,503,0.016,3237,2818,16.82842707633972,0.00011508046821926988
503,504,0.117,4833,2815,48.97056257724762,0.0008415259238534111
504,505,0.016,4884,2808,16.82842707633972,0.00011508046821926988
505,506,0.1385,374,2813,48.38477599620819,0.000996165303023055
506,507,0.2095,778,2810,68.04163014888763,0.001506834880746065
507,508,0.0085,5223,2794,11.41421353816986,6.113649874148712e-05
508,509,0.006,1252,2788,10.0,4.315517558222621e-05
509,510,0.772,3729,2801,159.7401144504547,0.005552632591579772
510,511,15.0305,1337,2851,854.3401806354523,0.10810731109810849
511,512,0.0235,788,2782,22.242640614509583,0.00016902443769705266
512,513,192.9815,1624,3319,5843.552836894989,1.3880250861035646
513,514,0.2905,773,2774,68.87005710601807,0.0020894297511061186
514,515,16.278,3320,2832,650.5584357976913,0.1170799913545797
515,516,8.7745,3862,2815,513.7472536563873,0.06311084802437397
516,517,7.3265,1188,2791,393.6639935970306,0.05269606565053006
517,518,0.0175,3727,2732,18.242640614509583,0.00012586926211482645
518,519,473.32,2247,3071,6825.740776062012,3.4043679510965514
519,520,0.011,3757,2706,12.828427076339722,7.911782190074804e-05
520,521,3.4645,1736,2727,339.86500453948975,0.02491851763410378
521,522,4.544,3603,2729,313.4213534593582,0.03268285297427265
522,523,75.5235,552,2826,1496.153449177742,0.5432049838473768
523,524,0.7385,5247,2690,116.18376553058624,0.005311682861245675
524,525,15.724,4935,2759,768.7838320732117,0.11309533014248747
525,526,0.006,3747,2671,10.0,4.315517558222621e-05
526,527,0.0085,3123,2671,11.41421353816986,6.113649874148712e-05
527,528,245.882,4697,3076,4806.845124602318,1.7685134804181573
528,529,0.006,5112,2668,10.0,4.315517558222621e-05
529,530,0.564,2070,2676,111.11269783973694,0.004056586504729263
530,531,11.985,5134,2760,904.5828216075896,0.08620246322549684
531,532,0.012,725,2662,16.0,8.631035116445242e-05
532,533,0.006,1879,2661,10.0,4.315517558222621e-05
533,534,0.8185,5036,2677,151.6396098136902,0.005887085202342025
534,535,0.0085,3766,2656,11.41421353816986,6.113649874148712e-05
535,536,0.011,2779,2656,12.828427076339722,7.911782190074804e-05
536,537,0.291,5096,2662,97.94112491607666,0.002093026015737971
537,538,0.365,764,2668,92.76955187320708,0.002625273181252094
538,539,0.008,730,2653,12.0,5.754023410963494e-05
539,540,0.011,1891,2652,12.828427076339722,7.911782190074804e-05
540,541,255.447,5351,3019,5436.18321955204,1.8373100228254897
541,542,3.1065,3723,2681,396.49242103099823,0.022343592157697618
542,543,0.1455,3395,2644,47.55634891986847,0.0010465130078689854
543,544,0.4225,4953,2643,94.18376541137695,0.0030388436139150952
544,545,0.008,3160,2635,12.0,5.754023410963494e-05
545,546,0.1975,1293,2640,66.38477599620819,0.0014205245295816128
546,547,0.014,3967,2632,13.656854152679443,0.00010069540969186115
547,548,0.808,4999,2645,118.56854116916656,0.00581156364507313
548,549,0.011,3481,2628,12.828427076339722,7.911782190074804e-05
549,550,21.766,2911,2702,902.5828216075896,0.15655259195378926
550,551,0.006,408,2626,10.0,4.315517558222621e-05
551,552,0.026,3469,2627,19.656854152679443,0.00018700576085631354
552,553,0.004,1282,2620,8.0,2.877011705481747e-05
553,554,0.014,3466,2617,13.656854152679443,0.00010069540969186115
554,555,1.214,3447,2636,168.71067690849304,0.008731730526137103
555,556,0.0655,2242,2624,42.72792184352875,0.00047111066677263614
556,557,0.3875,3254,2621,75.69848418235779,0.002787105089685443
557,558,0.0245,408,2609,20.242640614509583,0.00017621696696075702
558,559,2.5675,1225,2643,251.2375880479813,0.018466818884560966
559,560,0.221,384,2617,79.4558436870575,0.0015895489672786652
560,561,0.013,2440,2607,14.828427076339722,9.350288042815677e-05
561,562,1.88,2342,2629,265.48022878170013,0.013521955015764212
562,563,0.006,2470,2596,10.0,4.315517558222621e-05
563,564,0.539,661,2601,93.11269772052763,0.0038767732731366544
564,565,0.3565,626,2598,81.69848430156708,0.0025641366825106073
565,566,0.014,2791,2581,13.656854152679443,0.00010069540969186115
566,567,2.4035,1349,2608,299.2375881671905,0.017287244085313448
567,568,0.887,3963,2597,153.39696872234344,0.0063797734569057745
568,569,0.006,1368,2572,10.0,4.315517558222621e-05
569,570,10.508,3842,2622,646.0142794847488,0.07557909750300548
570,571,0.0185,2477,2561,20.242640614509583,0.00013306179137853081
571,572,0.891,2401,2576,129.0538226366043,0.006408543573960592
572,573,1.808,609,2574,269.279217839241,0.013004092908777498
573,574,1.415,4952,2576,246.5096662044525,0.01017742890814168
574,575,0.204,3381,2555,60.62741649150848,0.0014672759697956909
575,576,69.243,995,2687,1487.2833918333054,0.4980323038066815
576,577,0.011,2989,2544,12.828427076339722,7.911782190074804e-05
577,578,0.5705,813,2545,92.52691113948822,0.004103337944943342
578,579,0.8825,758,2543,133.15432786941528,0.006347407075219105
579,580,1.438,704,2539,176.71067690849304,0.01034285708120688
580,581,0.4605,249,2530,93.84061968326569,0.003312159725935861
581,582,0.02,4896,2495,18.82842707633972,0.00014385058527408736
582,583,71.1155,144,2645,2004.5209786891935,0.511500314852968
583,584,0.0845,5657,2493,41.89949476718903,0.0006077687227830192
584,585,0.008,2554,2485,12.0,5.754023410963494e-05
585,586,0.102,4831,2489,40.97056245803833,0.0007336379848978454
586,587,0.011,3403,2484,12.828427076339722,7.911782190074804e-05
587,588,0.004,5003,2476,8.0,2.877011705481747e-05
588,589,0.004,1297,2473,8.0,2.877011705481747e-05
589,590,0.008,2551,2470,12.0,5.754023410963494e-05
590,591,0.006,1368,2464,10.0,4.315517558222621e-05
591,592,66.746,4737,2597,1220.7737274169922,0.48007255823521167
592,593,2.2385,1312,2487,305.23758804798126,0.016100476756802228
593,594,0.006,4014,2446,10.0,4.315517558222621e-05
594,595,0.006,3559,2446,10.0,4.315517558222621e-05
595,596,3.5495,2412,2480,275.37972366809845,0.025529882621518653
596,597,0.008,4024,2440,12.0,5.754023410963494e-05
597,598,0.039,1295,2441,24.82842707633972,0.00028050864128447036
598,599,0.802,4907,2462,137.25483322143555,0.005768408469490903
599,600,0.7545,1051,2463,223.9827550649643,0.005426763329464945
600,601,0.0085,3901,2427,11.41421353816986,6.113649874148712e-05
601,602,0.006,4900,2419,10.0,4.315517558222621e-05
602,603,1.432,3524,2450,225.53910386562347,0.010299701905624655
603,604,0.6495,4964,2439,117.69848430156708,0.004671547756775986
604,605,13.2085,1224,2459,556.658940911293,0.09500252277963915
605,606,0.017,3779,2374,18.82842707633972,0.00012227299748297424
606,607,0.105,4441,2373,40.97056233882904,0.0007552155726889586
607,608,39.1675,3649,2502,1192.9331076145172,0.2817133899361408
608,609,0.126,1237,2348,82.62741661071777,0.0009062586872267504
609,610,0.3235,3598,2341,78.52691113948822,0.002326783216808363
610,611,0.122,3561,2338,54.62741661071777,0.0008774885701719327
611,612,0.1295,2405,2335,44.72792184352875,0.0009314325396497156
612,613,0.006,1515,2329,10.0,4.315517558222621e-05
613,614,0.0905,3561,2324,43.89949476718903,0.0006509238983652452
614,615,20.9835,882,2400,665.2863576412201,0.15092443780494058
615,616,0.006,4249,2302,10.0,4.315517558222621e-05
616,617,0.014,4263,2296,14.828427076339722,0.00010069540969186115
617,618,0.011,4255,2292,12.828427076339722,7.911782190074804e-05
618,619,0.012,864,2287,16.0,8.631035116445242e-05
619,620,0.281,3563,2294,77.11269783973694,0.0020211007231009277
620,621,101.734,5182,2453,1754.621485829353,0.7317247721137001
621,622,0.183,3242,2285,68.28427052497864,0.0013162328552578993
622,623,0.006,2263,2278,10.0,4.315517558222621e-05
623,624,0.004,4591,2254,8.0,2.877011705481747e-05
624,625,40.378,4605,2364,1469.8275490999222,0.290419946609855
625,626,0.0085,1468,2251,11.41421353816986,6.113649874148712e-05
626,627,0.0795,1007,2255,38.24264061450958,0.0005718060764644973
627,628,0.014,1600,2242,14.828427076339722,0.00010069540969186115
628,629,0.579,4228,2258,103.25483286380768,0.004164474443684829
629,630,0.02,3557,2240,18.0,0.00014385058527408736
630,631,0.006,940,2233,10.0,4.315517558222621e-05
631,632,0.011,1548,2227,12.828427076339722,7.911782190074804e-05
632,633,0.006,1372,2220,10.0,4.315517558222621e-05
633,634,0.103,629,2220,50.14213538169861,0.0007408305141615498
634,635,2.0175,2245,2230,215.78174424171448,0.014510927789523561
635,636,0.3035,1442,2216,80.52691125869751,0.0021829326315342757
636,637,0.128,1359,2201,61.31370830535889,0.000920643745754159
637,638,4.135,894,2228,327.0782072544098,0.02974110850541756
638,639,0.102,500,2199,40.14213538169861,0.0007336379848978454
639,640,0.946,4598,2216,173.0538226366043,0.006804132683464331
640,641,0.0085,1975,2181,11.41421353816986,6.113649874148712e-05
641,642,380.3425,1851,2465,6023.234077692032,2.735624561480478
642,643,0.4695,1671,2189,88.5269113779068,0.0033768924893092
643,644,7.105,1508,2247,641.4457385540009,0.05110292041861954
644,645,0.14,488,2169,48.14213538169861,0.0010069540969186116
645,646,1.43,402,2176,159.88224971294403,0.010285316847097246
646,647,0.006,2128,2134,10.0,4.315517558222621e-05
647,648,2.3025,910,2160,210.6101711988449,0.01656079862967931
648,649,0.6665,4432,2134,125.35533845424652,0.004793820754258961
649,650,0.009,4344,2110,12.0,6.47327633733393e-05
650,651,0.008,1123,2107,12.0,5.754023410963494e-05
651,652,38.6885,1152,2236,1091.7615329027176,0.2782681684188264
652,653,0.01,3687,2095,14.0,7.192529263704368e-05
653,654,0.99,3061,2119,177.88224971294403,0.007120603971067323
654,655,0.366,2394,2106,94.76955187320708,0.0026324657105157986
655,656,2.296,2072,2112,242.9949470758438,0.016514047189465225
656,657,0.0535,4516,2087,40.24264061450958,0.00038480031560818366
657,658,0.008,613,2080,12.0,5.754023410963494e-05
658,659,0.011,3043,2076,12.828427076339722,7.911782190074804e-05
659,660,4.5045,1811,2121,317.5218585729599,0.032398748068356326
660,661,12.4255,1422,2123,556.7178168296814,0.08937077236615862
661,662,0.011,2737,2067,12.828427076339722,7.911782190074804e-05
662,663,0.096,1136,2074,55.31370830535889,0.0006904828093156194
663,664,0.1135,5227,2065,53.55634891986847,0.0008163520714304457
664,665,0.006,5184,2062,10.0,4.315517558222621e-05
665,666,19.2135,5300,2157,874.7665863037109,0.13819366100818387
666,667,0.014,2809,2050,13.656854152679443,0.00010069540969186115
667,668,102.165,5546,2317,2831.724078655243,0.7348247522263568
668,669,0.8255,1294,2050,155.63960921764374,0.005937432907187956
669,670,19.8785,655,2136,1082.364566206932,0.1429766929685473
670,671,0.0265,1289,2022,21.071067690849304,0.00019060202548816573
671,672,21.526,1635,2095,676.0142800807953,0.15482638493050022
672,673,8.246,1958,2068,470.3330409526825,0.05930959630850622
673,674,0.006,5242,2005,10.0,4.315517558222621e-05
674,675,0.3905,1233,2017,82.87005722522736,0.0028086826774765556
675,676,0.004,1957,1999,8.0,2.877011705481747e-05
676,677,0.1115,4287,1989,43.55634891986847,0.000801967012903037
677,678,0.004,5659,1984,8.0,2.877011705481747e-05
678,679,0.182,1825,1991,56.97056245803833,0.001309040325994195
679,680,100.098,137,2189,1717.484403371811,0.7199577942382798
680,681,0.0085,4297,1977,11.41421353816986,6.113649874148712e-05
681,682,0.004,4303,1975,8.0,2.877011705481747e-05
682,683,0.006,2317,1975,10.0,4.315517558222621e-05
683,684,0.006,3847,1966,10.0,4.315517558222621e-05
684,685,0.0485,2319,1968,27.899494767189022,0.00034883766928966184
685,686,0.006,2215,1966,10.0,4.315517558222621e-05
686,687,0.006,4176,1963,10.0,4.315517558222621e-05
687,688,0.012,2255,1963,16.0,8.631035116445242e-05
688,689,14.5275,4439,2034,849.4528776407242,0.10448946887846519
689,690,0.008,2233,1960,12.0,5.754023410963494e-05
690,691,0.01,2213,1959,12.828427076339722,7.192529263704368e-05
691,692,0.034,2221,1958,24.82842707633972,0.0002445459949659485
692,693,0.014,2200,1933,13.656854152679443,0.00010069540969186115
693,694,0.1925,1977,1935,59.21320307254791,0.0013845618832630908
694,695,5.1185,661,1970,388.977702498436,0.036814961036270806
695,696,0.004,4479,1927,8.0,2.877011705481747e-05
696,697,5.032,1539,1975,451.0193327665329,0.03619280725496038
697,698,0.1895,2263,1934,64.04163014888763,0.0013629842954719776
698,699,0.2595,2327,1919,86.87005710601807,0.0018664613439312834
699,700,0.006,3832,1909,10.0,4.315517558222621e-05
700,701,0.0085,2346,1908,11.41421353816986,6.113649874148712e-05
701,702,0.004,4990,1906,8.0,2.877011705481747e-05
702,703,28.387,422,2028,835.2102366685867,0.2041743282087759
703,704,20.613,2088,1973,984.3229361772536,0.14825960571273814
704,705,0.0205,4548,1900,18.242640614509583,0.00014744684990593954
705,706,0.0175,324,1901,17.41421353816986,0.00012586926211482645
706,707,2.8575,4438,1920,350.49242103099823,0.02055265237103523
707,708,0.3775,6,1913,125.35533845424652,0.002715179797048399
708,709,0.0315,2006,1893,23.071067690849304,0.0002265646718066876
709,710,0.014,5480,1888,18.0,0.00010069540969186115
710,711,0.006,4402,1885,10.0,4.315517558222621e-05
711,712,0.012,1466,1882,16.0,8.631035116445242e-05
712,713,0.0595,4459,1876,35.899494767189026,0.00042795549119040984
713,714,0.06,1339,1866,43.31370830535889,0.00043155175582226205
714,715,6.4965,75,1908,534.0315247774124,0.04672626636165542
715,716,0.024,25,1852,24.82842707633972,0.00017262070232890484
716,717,0.086,4282,1851,38.485281229019165,0.0006185575166785755
717,718,0.0295,2404,1847,22.242640614509583,0.00021217961327927882
718,719,0.011,4717,1842,12.828427076339722,7.911782190074804e-05
719,720,0.046,43,1843,38.485281229019165,0.00033085634613040096
720,721,0.0445,4360,1836,28.242640614509583,0.0003200675522348444
721,722,0.042,4353,1835,37.31370830535889,0.00030208622907558345
722,723,0.6105,2651,1837,135.15432786941528,0.004391039115491517
723,724,0.011,2653,1819,12.828427076339722,7.911782190074804e-05
724,725,0.014,4045,1819,13.656854152679443,0.00010069540969186115
725,726,0.011,2659,1818,12.828427076339722,7.911782190074804e-05
726,727,0.011,5347,1804,12.828427076339722,7.911782190074804e-05
727,728,0.065,2444,1801,36.485281229019165,0.0004675144021407839
728,729,21.9015,1395,1899,1077.8792847394943,0.1575271796690212
729,730,0.027,2935,1797,20.485281229019165,0.00019419829012001793
730,731,0.5875,4066,1811,129.15432786941528,0.004225610942426316
731,732,13.2135,5587,1894,879.1097322702408,0.09503848542595766
732,733,0.011,4557,1786,12.828427076339722,7.911782190074804e-05
733,734,0.025,4214,1785,26.82842707633972,0.0001798132315926092
734,735,15.648,279,1846,653.4701240062714,0.11254869791844593
735,736,0.006,1020,1747,10.0,4.315517558222621e-05
736,737,46.3055,5421,1910,2486.8784054517746,0.3330536638204626
737,738,25.7105,4210,1873,1312.5310864448547,0.18492352363447115
738,739,0.034,137,1737,28.485281229019165,0.0002445459949659485
739,740,0.006,1387,1732,10.0,4.315517558222621e-05
740,741,0.011,2944,1728,12.828427076339722,7.911782190074804e-05
741,742,108.8885,990,1935,2097.9423345327377,0.783183722730873
742,743,0.004,4114,1726,8.0,2.877011705481747e-05
743,744,0.021,2898,1726,22.82842707633972,0.00015104311453779172
744,745,1.887,4981,1753,195.33809280395508,0.01357230272061014
745,746,0.0405,2949,1724,25.899494767189022,0.00029129743518002693
746,747,0.015,5386,1721,16.0,0.00010788793895556551
747,748,0.0085,2619,1720,11.41421353816986,6.113649874148712e-05
748,749,0.006,4114,1710,10.0,4.315517558222621e-05
749,750,0.004,4957,1708,8.0,2.877011705481747e-05
750,751,0.01,1502,1708,14.0,7.192529263704368e-05
751,752,3.037,4739,1739,304.4507911205292,0.021843711373870166
752,753,0.176,799,1705,52.97056245803833,0.0012658851504119687
753,754,21.9415,2107,1793,728.7422014474869,0.15781488083956938
754,755,0.0175,2081,1693,17.41421353816986,0.00012586926211482645
755,756,0.011,1114,1692,12.828427076339722,7.911782190074804e-05
756,757,0.006,1120,1687,10.0,4.315517558222621e-05
757,758,0.0105,891,1681,13.41421353816986,7.552155726889586e-05
758,759,0.0815,884,1687,57.89949476718903,0.000586191134991906
759,760,0.006,1135,1677,10.0,4.315517558222621e-05
760,761,0.026,2126,1675,19.656854152679443,0.00018700576085631354
761,762,1.3005,852,1687,170.12489008903503,0.00935388430744753
762,763,1.3025,377,1685,174.46803629398346,0.00936826936597494
763,764,266.4115,4913,1984,7001.806794524193,1.916172509937376
764,765,0.0085,3900,1648,11.41421353816986,6.113649874148712e-05
765,766,0.006,5290,1645,10.0,4.315517558222621e-05
766,767,0.011,3901,1641,12.828427076339722,7.911782190074804e-05
767,768,0.311,2053,1643,86.28427064418793,0.0022368766010120583
768,769,1.3855,2152,1671,263.92387986183167,0.0099652492948624
769,770,0.034,4830,1631,23.656854152679443,0.0002445459949659485
770,771,0.3495,3883,1643,76.04163014888763,0.0025137889776646765
771,772,45.4195,597,1774,1675.9524394273758,0.32668108289282055
772,773,0.004,250,1622,8.0,2.877011705481747e-05
773,774,117.3285,2446,1948,3310.289654612541,0.8438886697165379
774,775,0.063,4297,1619,48.97056245803833,0.0004531293436133752
775,776,0.014,1444,1615,13.656854152679443,0.00010069540969186115
776,777,0.34,5535,1621,73.11269819736481,0.0024454599496594853
777,778,1.413,616,1652,306.79393672943115,0.010163043849614271
778,779,0.006,5209,1611,10.0,4.315517558222621e-05
779,780,0.0985,5197,1614,40.72792184352875,0.0007084641324748803
780,781,0.026,803,1607,22.485281229019165,0.00018700576085631354
781,782,0.2045,2169,1610,83.21320307254791,0.0014708722344275432
782,783,0.251,3610,1602,71.4558435678482,0.0018053248451897963
783,784,0.008,1972,1588,12.0,5.754023410963494e-05
784,785,0.0235,783,1587,21.071067690849304,0.00016902443769705266
785,786,0.0085,3586,1572,11.41421353816986,6.113649874148712e-05
786,787,0.067,3904,1573,32.14213526248932,0.00048189946066819265
787,788,0.25,797,1577,79.94112479686737,0.001798132315926092
788,789,1.384,4886,1606,188.71067678928372,0.009954460500966844
789,790,0.011,4320,1561,12.828427076339722,7.911782190074804e-05
790,791,2.5865,3796,1591,233.43859839439392,0.018603476940571347
791,792,0.0205,4316,1556,20.242640614509583,0.00014744684990593954
792,793,0.9495,560,1582,196.46803617477417,0.006829306535887297
793,794,148.419,1748,1749,2130.3271090984344,1.0675080007897386
794,795,0.4015,2229,1548,90.87005722522736,0.0028878004993773037
795,796,0.0265,2226,1525,24.242640614509583,0.00019060202548816573
796,797,0.032,421,1517,23.656854152679443,0.00023016093643853975
797,798,22.348,4980,1615,1388.655976176262,0.16073864398526522
798,799,0.549,2189,1522,150.56854128837583,0.003948698565773698
799,800,0.4315,2266,1519,97.84061932563782,0.0031035763772884343
800,801,0.015,1783,1510,14.828427076339722,0.00010788793895556551
801,802,0.014,1015,1510,13.656854152679443,0.00010069540969186115
802,803,0.041,4314,1509,28.485281229019165,0.0002948936998118791
803,804,7.279,671,1543,419.9066348075866,0.052354420510504096
804,805,0.014,1786,1501,13.656854152679443,0.00010069540969186115
805,806,0.0115,717,1500,13.41421353816986,8.271408653260024e-05
806,807,0.011,703,1500,12.828427076339722,7.911782190074804e-05
807,808,0.239,4186,1502,70.28427076339722,0.001719014494025344
808,809,0.148,2215,1494,54.97056233882904,0.0010644943310282465
809,810,0.004,2209,1486,8.0,2.877011705481747e-05
810,811,0.0225,4820,1482,18.242640614509583,0.00016183190843334827
811,812,0.011,2314,1483,12.828427076339722,7.911782190074804e-05
812,813,2.4995,544,1507,242.7523066997528,0.017977726894629065
813,814,0.509,4936,1493,104.9116872549057,0.0036609973952255234
814,815,6.389,4249,1526,387.362478017807,0.04595306946580721
815,816,0.202,2181,1489,68.62741661071777,0.0014528909112682825
816,817,0.02,1486,1481,18.0,0.00014385058527408736
817,818,0.006,2914,1477,10.0,4.315517558222621e-05
818,819,0.7985,400,1497,199.78174448013303,0.005743234617067937
819,820,0.0185,2316,1477,16.242640614509583,0.00013306179137853081
820,821,0.0725,2215,1470,35.071067690849304,0.0005214583716185666
821,822,0.004,2861,1466,8.0,2.877011705481747e-05
822,823,0.0445,5554,1469,33.899494767189026,0.0003200675522348444
823,824,0.0165,2865,1464,17.41421353816986,0.00011867673285112207
824,825,0.0085,2164,1461,11.41421353816986,6.113649874148712e-05
825,826,0.574,1633,1467,132.42640614509585,0.004128511797366306
826,827,0.014,3862,1459,13.656854152679443,0.00010069540969186115
827,828,2.6015,5032,1484,349.32084834575653,0.018711364879526914
828,829,8.5715,3871,1522,521.8893895149231,0.06165076458384199
829,830,0.218,4414,1452,61.79898953437805,0.001567971379487552
830,831,18.576,5619,1627,933.32798743248,0.13360842360257236
831,832,0.008,1432,1444,12.0,5.754023410963494e-05
832,833,0.964,4354,1462,358.6518018245697,0.00693359821021101
833,834,0.152,4931,1444,52.14213538169861,0.001093264448083064
834,835,59.664,4051,1614,1265.7442885637283,0.42913506598965745
835,836,0.7455,2184,1453,136.32590091228485,0.005362030566091606
836,837,0.908,795,1466,179.0538228750229,0.006530816571443565
837,838,0.006,865,1429,10.0,4.315517558222621e-05
838,839,0.032,788,1421,22.82842707633972,0.00023016093643853975
839,840,0.034,2571,1418,24.82842707633972,0.0002445459949659485
840,841,0.1635,2709,1424,57.21320307254791,0.0011759785346156643
841,842,0.0085,1728,1413,11.41421353816986,6.113649874148712e-05
842,843,0.0265,864,1410,23.41421353816986,0.00019060202548816573
843,844,0.008,1000,1402,12.0,5.754023410963494e-05
844,845,0.091,5036,1399,40.14213538169861,0.0006545201629970975
845,846,5.096,608,1426,356.9360718727112,0.03665312912783746
846,847,0.0475,882,1393,33.899494767189026,0.0003416451400259575
847,848,0.061,2689,1394,30.485281229019165,0.00043874428508596636
848,849,0.006,1063,1390,10.0,4.315517558222621e-05
849,850,0.011,871,1390,12.828427076339722,7.911782190074804e-05
850,851,0.015,1039,1388,16.82842707633972,0.00010788793895556551
851,852,0.012,1016,1388,22.82842707633972,8.631035116445242e-05
852,853,0.023,887,1385,24.485281229019165,0.00016542817306520048
853,854,0.011,877,1381,12.828427076339722,7.911782190074804e-05
854,855,0.014,883,1378,13.656854152679443,0.00010069540969186115
855,856,0.0565,1296,1375,35.899494767189026,0.0004063779033992968
856,857,0.014,886,1360,13.656854152679443,0.00010069540969186115
857,858,0.2005,1293,1355,64.72792172431946,0.0014421021173727257
858,859,1.4465,5136,1357,297.58073377609253,0.010403993579948367
859,860,99.9595,142,1541,1736.0113146305084,0.7189616289352568
860,861,0.024,4422,1330,19.656854152679443,0.00017262070232890484
861,862,6.762,5601,1359,440.7350618839264,0.04863588288116893
862,863,0.006,2887,1294,10.0,4.315517558222621e-05
863,864,0.011,1326,1294,12.828427076339722,7.911782190074804e-05
864,865,0.004,4591,1291,8.0,2.877011705481747e-05
865,866,0.144,630,1293,47.79898953437805,0.0010357242139734288
866,867,161.63,4544,1594,3649.3506166934967,1.162528504892537
867,868,5.7395,837,1347,573.6295038461685,0.04128152170903122
868,869,0.008,3784,1270,12.0,5.754023410963494e-05
869,870,5.9775,548,1314,371.0365778207779,0.04299334367379286
870,871,0.0115,2862,1266,13.41421353816986,8.271408653260024e-05
871,872,0.04,83,1266,28.485281229019165,0.0002877011705481747
872,873,116.92,1289,1529,4461.340513467789,0.8409505215123146
873,874,0.0695,2283,1257,38.72792172431946,0.0004998807838274536
874,875,0.011,2281,1249,12.828427076339722,7.911782190074804e-05
875,876,5.1655,697,1291,312.2081503868103,0.03715300991166491
876,877,13.072,1651,1323,1017.7787795066832,0.09402074253514349
877,878,0.006,5245,1234,10.0,4.315517558222621e-05
878,879,84.8565,5359,1491,2264.167729973793,0.6103328594655296
879,880,1.0995,241,1244,187.78174424171448,0.007908185925442951
880,881,75.115,1894,1441,2464.4936306476598,0.5402668356431536
881,882,0.006,1651,1216,10.0,4.315517558222621e-05
882,883,4.921,5354,1256,322.93607234954834,0.03539443650668919
883,884,0.05,170,1219,28.485281109809875,0.0003596264631852184
884,885,0.0865,85,1210,36.72792184352875,0.0006221537813104278
885,886,0.045,5397,1203,26.485281109809875,0.00032366381686669654
886,887,10.537,4540,1251,550.960457444191,0.07578768085165294
887,888,17.451,388,1287,752.7005717754364,0.12551682818090493
888,889,0.5845,124,1212,101.84061968326569,0.0042040333546352025
889,890,1.659,572,1213,210.65180242061612,0.011932406048485545
890,891,0.5335,2963,1202,114.18376541137695,0.00383721436218628
891,892,0.004,2338,1189,8.0,2.877011705481747e-05
892,893,0.008,1345,1189,12.0,5.754023410963494e-05
893,894,0.006,4999,1186,10.0,4.315517558222621e-05
894,895,0.008,73,1183,12.0,5.754023410963494e-05
895,896,0.0665,53,1185,35.899494767189026,0.0004783031960363405
896,897,0.016,83,1178,18.82842707633972,0.00011508046821926988
897,898,0.006,4716,1171,10.0,4.315517558222621e-05
898,899,0.0085,4812,1164,11.41421353816986,6.113649874148712e-05
899,900,1.146,1920,1187,157.88224959373474,0.008242638536205204
900,901,0.614,59,1167,117.25483322143556,0.004416212967914482
901,902,0.0205,1584,1157,18.242640614509583,0.00014744684990593954
902,903,0.152,4504,1148,59.79898953437805,0.001093264448083064
903,904,0.008,1945,1138,12.0,5.754023410963494e-05
904,905,0.0085,1045,1131,11.41421353816986,6.113649874148712e-05
905,906,0.736,4705,1141,117.5979790687561,0.005293701538086415
906,907,0.5515,1581,1140,136.66904664039612,0.003966679888932959
907,908,0.02,5323,1127,18.0,0.00014385058527408736
908,909,0.0215,5307,1127,18.242640614509583,0.00015463937916964388
909,910,0.655,1967,1134,105.59797883033752,0.004711106667726361
910,911,2.9775,1309,1173,392.6934319734573,0.021415755882679757
911,912,0.02,2839,1117,17.656854152679443,0.00014385058527408736
912,913,0.006,1294,1114,10.0,4.315517558222621e-05
913,914,0.0145,2272,1111,14.242640614509584,0.00010429167432371333
914,915,0.014,2806,1108,14.828427076339722,0.00010069540969186115
915,916,84.356,1088,1320,2357.356548190117,0.6067329985690456
916,917,68.123,2123,1265,1591.910809755325,0.4899766710313327
917,918,0.415,4705,1104,98.28427076339722,0.0029848996444373126
918,919,22.4,5548,1183,838.0975400209427,0.16111265550697781
919,920,2.2985,4450,1131,314.3502857685089,0.01653202851262449
920,921,0.127,2836,1101,45.79898953437805,0.0009134512164904547
921,922,0.036,418,1098,23.313708305358887,0.0002589310534933572
922,923,0.011,2245,1093,12.828427076339722,7.911782190074804e-05
923,924,0.014,395,1084,18.0,0.00010069540969186115
924,925,0.0085,4677,1080,11.41421353816986,6.113649874148712e-05
925,926,0.0085,4678,1075,11.41421353816986,6.113649874148712e-05
926,927,0.109,5521,1076,42.14213526248932,0.000783985689743776
927,928,0.011,4888,1069,12.828427076339722,7.911782190074804e-05
928,929,0.045,1440,1065,27.656854152679443,0.00032366381686669654
929,930,23.8345,1453,1140,812.1980446577072,0.17143033873576174
930,931,0.5925,5064,1065,131.63960921764374,0.004261573588744838
931,932,0.012,1275,1054,16.0,8.631035116445242e-05
932,933,0.065,3691,1054,32.485281229019165,0.0004675144021407839
933,934,2.573,1302,1076,217.53910410404205,0.01850637779551134
934,935,0.023,2741,1049,18.82842707633972,0.00016542817306520048
935,936,0.03,3238,1049,21.656854152679443,0.00021577587791113103
936,937,0.025,1413,1047,22.82842707633972,0.0001798132315926092
937,938,0.0185,4667,1042,19.41421353816986,0.00013306179137853081
938,939,14.501,4603,1109,698.7005705833435,0.10429886685297703
939,940,0.0085,2857,1036,11.41421353816986,6.113649874148712e-05
940,941,0.6775,3074,1042,111.8406194448471,0.004872938576159709
941,942,0.1545,5476,1036,61.21320307254791,0.0011112457712423248
942,943,1.1275,3126,1041,159.98275482654572,0.008109576744826675
943,944,1.1985,2564,1047,210.06601512432096,0.008620246322549685
944,945,0.011,2560,1015,12.828427076339722,7.911782190074804e-05
945,946,0.016,1326,1004,16.82842707633972,0.00011508046821926988
946,947,0.1,4693,1004,46.14213538169861,0.0007192529263704368
947,948,0.114,4282,1006,40.97056233882904,0.000819948336062298
948,949,0.2005,2141,1008,61.21320307254791,0.0014421021173727257
949,950,0.0085,259,1000,11.41421353816986,6.113649874148712e-05
950,951,0.014,2830,1000,13.656854152679443,0.00010069540969186115
951,952,0.006,3202,997,10.0,4.315517558222621e-05
952,953,0.292,1393,1005,68.28427076339722,0.0021002185450016753
953,954,0.0085,4968,991,11.41421353816986,6.113649874148712e-05
954,955,0.04,1307,986,26.82842707633972,0.0002877011705481747
955,956,0.1245,1369,985,56.72792184352875,0.0008954698933311937
956,957,0.0545,114,985,29.071067690849304,0.000391992844871888
957,958,0.1345,2824,989,83.69848430156708,0.0009673951859682375
958,959,0.017,1439,973,18.82842707633972,0.00012227299748297424
959,960,0.011,1432,972,12.828427076339722,7.911782190074804e-05
960,961,0.014,2968,970,13.656854152679443,0.00010069540969186115
961,962,0.03,99,971,23.656854152679443,0.00021577587791113103
962,963,0.103,1980,966,42.14213538169861,0.0007408305141615498
963,964,0.1125,1362,967,51.55634891986847,0.0008091595421667415
964,965,0.008,562,958,12.0,5.754023410963494e-05
965,966,0.023,2961,958,19.656854152679443,0.00016542817306520048
966,967,0.023,2612,951,20.82842707633972,0.00016542817306520048
967,968,2.0405,489,970,221.78174436092377,0.014676355962588762
968,969,0.011,3249,943,12.828427076339722,7.911782190074804e-05
969,970,0.057,2932,946,35.65685415267944,0.000409974168031149
970,971,40.982,962,1050,1323.5188930034635,0.29476423428513243
971,972,0.097,5465,943,46.97056245803833,0.0006976753385793237
972,973,0.428,1580,957,102.28427076339722,0.0030784025248654693
973,974,0.3315,691,942,82.52691125869751,0.002384323450917998
974,975,1.7235,586,977,227.09545290470123,0.012396324185994477
975,976,0.045,3587,927,28.485281109809875,0.00032366381686669654
976,977,0.0245,585,923,21.071067690849304,0.00017621696696075702
977,978,0.008,5557,919,12.0,5.754023410963494e-05
978,979,0.258,5040,926,71.4558436870575,0.0018556725500357269
979,980,0.0175,4168,920,17.41421353816986,0.00012586926211482645
980,981,0.354,5526,929,101.11269783973694,0.002546155359351346
981,982,0.022,1216,916,21.656854152679443,0.0001582356438014961
982,983,0.014,4168,913,13.656854152679443,0.00010069540969186115
983,984,0.0305,4296,911,35.071067690849304,0.00021937214254298318
984,985,61.474,1759,1059,1272.9747380018234,0.44215354395696227
985,986,0.0355,1165,902,29.41421353816986,0.00025533478886150505
986,987,0.8265,4148,922,216.26702547073364,0.00594462543645166
987,988,0.0205,4161,894,18.242640614509583,0.00014744684990593954
988,989,0.053,4154,895,30.82842707633972,0.00038120405097633145
989,990,6.582,1449,928,428.3919155597687,0.04734122761370215
990,991,0.0085,3889,877,11.41421353816986,6.113649874148712e-05
991,992,0.014,3853,877,13.656854152679443,0.00010069540969186115
992,993,51.9695,272,1069,1680.5209803581238,0.3737921495700841
993,994,0.011,1584,871,12.828427076339722,7.911782190074804e-05
994,995,0.006,1081,862,10.0,4.315517558222621e-05
995,996,0.196,1572,867,56.62741649150848,0.0014097357356860562
996,997,0.037,2480,855,24.82842707633972,0.00026612358275706163
997,998,0.006,1713,847,10.0,4.315517558222621e-05
998,999,0.0085,1404,843,11.41421353816986,6.113649874148712e-05
999,1000,0.008,1711,841,12.0,5.754023410963494e-05
1000,1001,0.7965,1746,853,162.32590091228485,0.005728849558540528
1001,1002,0.011,1405,835,12.828427076339722,7.911782190074804e-05
1002,1003,4.378,4061,873,361.9066350460053,0.031488893116497725
1003,1004,0.0155,1379,829,17.41421353816986,0.0001114842035874177
1004,1005,0.015,4840,824,16.0,0.00010788793895556551
1005,1006,16.882,4711,908,737.612257361412,0.12142427902985715
1006,1007,0.025,4720,822,21.656854152679443,0.0001798132315926092
1007,1008,0.015,5232,816,16.82842707633972,0.00010788793895556551
1008,1009,0.015,4015,812,16.82842707633972,0.00010788793895556551
1009,1010,0.006,3322,811,10.0,4.315517558222621e-05
1010,1011,53.597,4450,933,1246.229570865631,0.385497990946763
1011,1012,0.558,2947,814,107.5979791879654,0.004013431329147037
1012,1013,0.0175,3328,802,16.242640614509583,0.00012586926211482645
1013,1014,15.622,4198,906,975.7787799835204,0.11236169215758963
1014,1015,3.018,1485,823,536.1909056901932,0.02170705331785978
1015,1016,7.262,1269,849,484.7594466209412,0.05223214751302112
1016,1017,0.485,1721,800,125.59797883033752,0.003488376692896618
1017,1018,0.011,1138,784,12.828427076339722,7.911782190074804e-05
1018,1019,0.112,884,785,81.4558436870575,0.0008055632775348892
1019,1020,0.593,4266,784,107.94112491607666,0.00426516985337669
1020,1021,0.107,4206,772,47.31370830535889,0.0007696006312163673
1021,1022,0.008,2041,766,12.0,5.754023410963494e-05
1022,1023,0.008,2035,766,12.0,5.754023410963494e-05
1023,1024,15.8415,1013,815,895.3696181774139,0.11394045233097275
1024,1025,1.18,1192,778,184.7106766700745,0.008487184531171154
1025,1026,0.03,4542,752,22.0,0.00021577587791113103
1026,1027,5.217,4002,780,421.4213533401489,0.03752342516874568
1027,1028,0.006,1656,745,10.0,4.315517558222621e-05
1028,1029,0.038,997,748,25.656854152679443,0.000273316112020766
1029,1030,0.012,4470,742,14.0,8.631035116445242e-05
1030,1031,0.0555,4465,732,33.071067690849304,0.0003991853741355924
1031,1032,0.008,334,730,12.0,5.754023410963494e-05
1032,1033,0.3195,1141,737,73.6984840631485,0.0022980130997535455
1033,1034,0.0175,328,728,17.41421353816986,0.00012586926211482645
1034,1035,0.006,301,727,10.0,4.315517558222621e-05
1035,1036,0.0085,2209,723,11.41421353816986,6.113649874148712e-05
1036,1037,0.006,4495,714,10.0,4.315517558222621e-05
1037,1038,0.008,334,712,12.0,5.754023410963494e-05
1038,1039,0.008,2599,709,12.0,5.754023410963494e-05
1039,1040,0.02,2590,710,18.0,0.00014385058527408736
1040,1041,0.006,2530,709,10.0,4.315517558222621e-05
1041,1042,0.011,4435,708,12.828427076339722,7.911782190074804e-05
1042,1043,0.243,4623,712,105.94112479686736,0.0017477846110801614
1043,1044,0.0175,2604,707,17.41421353816986,0.00012586926211482645
1044,1045,0.0565,4672,707,29.899494767189022,0.0004063779033992968
1045,1046,0.004,5534,700,8.0,2.877011705481747e-05
1046,1047,0.265,4458,714,82.6274163722992,0.0019060202548816577
1047,1048,7.6495,436,743,497.948264837265,0.055019252602706556
1048,1049,0.0295,4441,698,23.071067690849304,0.00021217961327927882
1049,1050,2880.052,3376,2156,48645.97609126568,20.714858290990293
1050,1051,0.058,4666,689,31.656854152679443,0.0004171666972948533
1051,1052,0.004,5536,685,8.0,2.877011705481747e-05
1052,1053,0.079,4676,680,38.485281229019165,0.000568209811832645
1053,1054,0.004,4489,667,8.0,2.877011705481747e-05
1054,1055,35.1545,55,841,1035.369617819786,0.2528497700008952
1055,1056,2.9775,637,703,387.6639943122864,0.021415755882679757
1056,1057,0.059,5000,651,37.31370830535889,0.00042435922655855763
1057,1058,0.021,4991,645,20.0,0.00015104311453779172
1058,1059,10.5415,4343,721,534.5168062448502,0.07582004723333959
1059,1060,0.006,2907,634,10.0,4.315517558222621e-05
1060,1061,0.1865,4851,629,73.55634891986847,0.0013414067076808645
1061,1062,0.3415,4480,636,78.52691149711609,0.0024562487435550416
1062,1063,0.004,3736,616,8.0,2.877011705481747e-05
1063,1064,75.7315,5464,865,4202.931350946426,0.5447010299342273
1064,1065,0.006,717,610,10.0,4.315517558222621e-05
1065,1066,0.0235,1209,607,21.071067690849304,0.00016902443769705266
1066,1067,14.935,1292,679,824.2985506057739,0.10742042455342472
1067,1068,0.303,701,604,193.5979790687561,0.0021793363669024234
1068,1069,0.57,2651,603,158.911687374115,0.004099741680311489
1069,1070,0.73,4413,599,122.08326029777528,0.005250546362504188
1070,1071,0.008,4396,583,12.0,5.754023410963494e-05
1071,1072,16.2825,5334,674,800.340180516243,0.11711235773626635
1072,1073,0.032,17,565,23.656854152679443,0.00023016093643853975
1073,1074,0.172,2662,569,83.4558436870575,0.001237115033357151
1074,1075,0.029,13,559,24.82842707633972,0.00020858334864742666
1075,1076,0.008,1336,550,12.0,5.754023410963494e-05
1076,1077,0.017,414,549,15.656854152679443,0.00012227299748297424
1077,1078,4.2535,85,582,413.4629838466644,0.03059342322316653
1078,1079,0.9985,4375,562,153.78174424171448,0.0071817404698088115
1079,1080,11.7065,5142,592,609.6883784532547,0.08419934382555519
1080,1081,0.058,1384,536,35.31370830535889,0.0004171666972948533
1081,1082,0.5895,5427,537,95.35533833503725,0.004239996000953725
1082,1083,0.296,4561,528,83.94112467765808,0.002128988662056493
1083,1084,2.3285,780,554,209.49747371673584,0.01674780439053562
1084,1085,8.0695,3171,566,506.09040009975433,0.05804011489346239
1085,1086,0.014,1597,499,13.656854152679443,0.00010069540969186115
1086,1087,0.2795,3829,502,69.69848430156708,0.002010311929205371
1087,1088,0.022,493,493,17.656854152679443,0.0001582356438014961
1088,1089,0.014,5107,491,18.0,0.00010069540969186115
1089,1090,0.255,4470,492,73.4558436870575,0.001834094962244614
1090,1091,0.0255,4294,486,19.071067690849304,0.00018340949622446136
1091,1092,0.377,1489,494,75.4558436870575,0.0027115835324165467
1092,1093,0.006,5203,481,10.0,4.315517558222621e-05
1093,1094,1.6155,1416,497,191.2964630126953,0.011619531025514405
1094,1095,0.0305,5216,480,23.071067690849304,0.00021937214254298318
1095,1096,0.0355,744,479,29.899494767189022,0.00025533478886150505
1096,1097,0.011,13,474,12.828427076339722,7.911782190074804e-05
1097,1098,2.933,1294,505,253.4802285432816,0.02109568833044491
1098,1099,0.033,745,471,22.82842707633972,0.00023735346570224415
1099,1100,26.305,239,617,1227.1757471561432,0.18919948228174338
1100,1101,0.006,2826,457,10.0,4.315517558222621e-05
1101,1102,0.0085,1981,456,11.41421353816986,6.113649874148712e-05
1102,1103,0.155,1525,459,68.62741661071777,0.001114842035874177
1103,1104,0.016,61,440,16.82842707633972,0.00011508046821926988
1104,1105,0.403,5180,453,110.76955199241638,0.0028985892932728605
1105,1106,10.1395,1659,492,476.2325352430344,0.07292865046933043
1106,1107,0.008,1405,433,12.0,5.754023410963494e-05
1107,1108,0.006,2242,421,10.0,4.315517558222621e-05
1108,1109,0.008,1762,421,12.0,5.754023410963494e-05
1109,1110,0.0085,1768,417,11.41421353816986,6.113649874148712e-05
1110,1111,0.1105,1744,417,50.38477599620819,0.0007947744836393326
1111,1112,0.006,3843,403,10.0,4.315517558222621e-05
1112,1113,0.0335,5516,402,22.242640614509583,0.00024094973033409633
1113,1114,0.006,5418,397,10.0,4.315517558222621e-05
1114,1115,0.011,1990,394,12.828427076339722,7.911782190074804e-05
1115,1116,0.008,1936,394,12.0,5.754023410963494e-05
1116,1117,112.4885,983,602,2487.4225631952286,0.8090768280802088
1117,1118,28.635,5597,525,797.587874174118,0.2059580754661746
1118,1119,0.2145,4764,390,71.21320307254791,0.001542797527064587
1119,1120,0.044,5633,369,35.65685415267944,0.0003164712876029922
1120,1121,0.196,5404,373,57.79898941516876,0.0014097357356860562
1121,1122,0.004,5023,367,8.0,2.877011705481747e-05
1122,1123,0.004,2438,367,8.0,2.877011705481747e-05
1123,1124,0.004,422,367,8.0,2.877011705481747e-05
1124,1125,0.01,4357,365,14.0,7.192529263704368e-05
1125,1126,2.4825,21,439,313.7817442417145,0.017855453897146094
1126,1127,0.02,4229,361,18.82842707633972,0.00014385058527408736
1127,1128,70.663,2427,535,2808.719027876854,0.5082456953611417
1128,1129,0.098,5656,367,46.14213538169861,0.0007048678678430281
1129,1130,0.0455,5417,350,27.071067690849304,0.00032726008149854875
1130,1131,26.8515,380,446,1020.8498474359512,0.19313019952435784
1131,1132,0.008,2440,346,12.0,5.754023410963494e-05
1132,1133,0.006,3997,343,10.0,4.315517558222621e-05
1133,1134,0.6035,3939,356,106.32590079307556,0.004340691410645587
1134,1135,0.0695,5396,341,33.55634891986847,0.0004998807838274536
1135,1136,0.008,1654,337,12.0,5.754023410963494e-05
1136,1137,0.014,367,331,13.656854152679443,0.00010069540969186115
1137,1138,0.1245,3594,325,44.72792172431946,0.0008954698933311937
1138,1139,0.22,355,324,89.11269783973694,0.001582356438014961
1139,1140,0.006,5538,289,10.0,4.315517558222621e-05
1140,1141,0.0125,5538,281,15.41421353816986,8.99066157963046e-05
1141,1142,0.004,4300,280,8.0,2.877011705481747e-05
1142,1143,0.013,3822,276,14.828427076339722,9.350288042815677e-05
1143,1144,0.004,5557,268,8.0,2.877011705481747e-05
1144,1145,140.9025,4102,511,2099.658063292504,1.0134453545791047
1145,1146,0.008,3679,253,12.0,5.754023410963494e-05
1146,1147,0.4345,3230,258,88.5269113779068,0.0031251539650795474
1147,1148,0.0265,3803,243,21.41421353816986,0.00019060202548816573
1148,1149,0.0285,3782,242,21.41421353816986,0.0002049870840155745
1149,1150,0.006,2914,229,10.0,4.315517558222621e-05
1150,1151,0.011,5328,226,12.828427076339722,7.911782190074804e-05
1151,1152,0.0965,3247,230,40.72792184352875,0.0006940790739474715
1152,1153,13.9635,429,277,590.7178163528442,0.10043288237373595
1153,1154,2.08,4230,243,197.88224947452545,0.014960460868505086
1154,1155,0.187,5393,218,54.62741625308991,0.0013450029723127168
1155,1156,289.661,4960,909,10740.924875617027,2.083395219053871
1156,1157,0.247,771,215,69.79898953437805,0.001776554728134979
1157,1158,0.463,3828,222,142.9116871356964,0.0033301410490951225
1158,1159,0.006,5356,205,10.0,4.315517558222621e-05
1159,1160,0.0745,3904,209,57.21320307254791,0.0005358434301459753
1160,1161,0.008,3169,199,12.0,5.754023410963494e-05
1161,1162,0.0145,5643,198,14.242640614509584,0.00010429167432371333
1162,1163,4.9465,5632,256,356.2670257091522,0.03557784600291366
1163,1164,0.2785,2376,207,87.35533833503723,0.0020031193999416664
1164,1165,9.652,2440,253,611.7888847589493,0.06942229245327455
1165,1166,0.013,1649,194,18.82842707633972,9.350288042815677e-05
1166,1167,0.006,2385,190,10.0,4.315517558222621e-05
1167,1168,0.0105,2040,189,13.41421353816986,7.552155726889586e-05
1168,1169,10.5885,5490,242,486.4335460662842,0.0761580961087337
1169,1170,0.006,4216,180,10.0,4.315517558222621e-05
1170,1171,0.308,2696,189,87.11269783973694,0.002215299013220945
1171,1172,0.004,5449,178,8.0,2.877011705481747e-05
1172,1173,0.0085,5413,175,11.41421353816986,6.113649874148712e-05
1173,1174,52.9165,680,347,1325.761535406113,0.38060347478281215
1174,1175,0.01,2917,173,14.0,7.192529263704368e-05
1175,1176,1.2135,3436,194,149.63960874080658,0.00872813426150525
1176,1177,0.004,2935,166,8.0,2.877011705481747e-05
1177,1178,0.008,2698,163,12.0,5.754023410963494e-05
1178,1179,0.006,778,163,10.0,4.315517558222621e-05
1179,1180,0.152,491,167,48.14213526248932,0.001093264448083064
1180,1181,0.1115,753,165,45.55634891986847,0.000801967012903037
1181,1182,0.394,5629,175,105.94112479686736,0.002833856529899521
1182,1183,0.2005,4222,165,104.5269113779068,0.0014421021173727257
1183,1184,0.0385,3849,159,26.242640614509583,0.00027691237665261815
1184,1185,0.008,2179,157,12.0,5.754023410963494e-05
1185,1186,0.1705,4884,166,61.55634891986847,0.0012263262394615947
1186,1187,0.162,5451,163,54.97056245803833,0.0011651897407201077
1187,1188,0.008,2221,151,12.0,5.754023410963494e-05
1188,1189,0.535,5652,174,127.94112503528596,0.0038480031560818367
1189,1190,0.92,1143,170,128.568540930748,0.006617126922608019
1190,1191,0.017,4252,146,16.82842707633972,0.00012227299748297424
1191,1192,0.119,2215,144,52.14213538169861,0.0008559109823808197
1192,1193,0.2715,767,145,68.04162991046906,0.001952771695095736
1193,1194,0.0235,454,141,21.071067690849304,0.00016902443769705266
1194,1195,0.135,739,139,47.79898941516876,0.0009709914506000897
1195,1196,0.045,2396,134,29.656854152679443,0.00032366381686669654
1196,1197,0.767,505,141,147.25483310222626,0.0055166699452612504
1197,1198,0.006,736,130,10.0,4.315517558222621e-05
1198,1199,0.4205,5042,142,86.18376517295837,0.0030244585553876866
1199,1200,0.1445,5651,134,66.38477599620819,0.001039320478605281
1200,1201,0.037,3400,127,26.485281229019165,0.00026612358275706163
1201,1202,12.4195,4137,167,621.002086520195,0.08932761719057639
1202,1203,0.7615,4018,129,123.154327750206,0.005477111034310876
1203,1204,0.018,908,86,22.82842707633972,0.0001294655267466786
1204,1205,34.717,963,205,1028.6660814285278,0.24970303844802452
1205,1206,0.0265,902,77,22.242640614509583,0.00019060202548816573
1206,1207,0.011,4375,70,12.828427076339722,7.911782190074804e-05
1207,1208,0.024,915,70,28.0,0.00017262070232890484
1208,1209,3.344,696,104,294.4507913589477,0.024051817857827406
1209,1210,0.027,925,68,20.82842707633972,0.00019419829012001793
1210,1211,0.1355,3425,71,47.55634891986847,0.0009745877152319419
1211,1212,0.023,901,66,25.656854152679443,0.00016542817306520048
1212,1213,0.0425,4200,66,25.899494767189022,0.00030568249370743566
1213,1214,0.011,4378,61,12.828427076339722,7.911782190074804e-05
1214,1215,0.5105,800,72,101.49747335910796,0.0036717861891210793
1215,1216,0.004,4373,52,8.0,2.877011705481747e-05
1216,1217,0.004,3424,43,8.0,2.877011705481747e-05
1217,1218,0.015,4132,38,16.82842707633972,0.00010788793895556551
1218,1219,0.008,1000,37,12.0,5.754023410963494e-05
1219,1220,0.051,947,40,42.97056245803833,0.0003668189924489227
1220,1221,0.064,960,39,40.485281229019165,0.0004603218728770795
1221,1222,0.088,935,39,44.14213538169861,0.0006329425752059844
1222,1223,0.017,36,36,16.82842707633972,0.00012227299748297424
1223,1224,8.978,5565,88,391.2203432321549,0.06457452772953781
1224,1225,0.0355,2486,30,28.242640614509583,0.00025533478886150505
1225,1226,0.01,5529,25,14.0,7.192529263704368e-05
1226,1227,0.011,3526,25,12.828427076339722,7.911782190074804e-05
1227,1228,0.087,879,25,54.14213538169861,0.0006257500459422799
1228,1229,0.0165,848,19,19.41421353816986,0.00011867673285112207
1229,1230,0.4665,957,13,105.69848465919496,0.003355314901518088
1230,1231,4.7835,1066,54,484.4335459470749,0.034405463732929846
1231,1232,1.9035,5647,42,378.7523065805435,0.013690979453461264
1232,1233,0.555,5536,7,132.28427076339722,0.003991853741355925
1233,1234,125.124,5243,207,3582.5322946310043,0.8999580315917453
1234,1235,1.9955,4965,20,208.6690468788147,0.014352692145722067
1235,1236,202.167,4607,300,6042.481771349907,1.454092063655321
1236,1237,8.253,4250,22,678.8183217048645,0.05935994401335215
1237,1238,402.5735,3930,821,10797.476169228554,2.8955216795418903
1238,1239,0.3555,3420,16,103.69848430156708,0.0025569441532469024
1239,1240,663.4505,3095,507,16055.159828662872,4.771887136269295
1240,1241,448.592,1945,420,13218.49253964424,3.2265110874636695
1241,1242,139.1445,1391,216,2169.030647754669,1.0008008881335124
1242,1243,0.344,794,4,103.79898953437804,0.002474230066714302
1243,1244,23.4615,501,50,933.428493976593,0.16874752532040002
